12/03/2020 11:01,1.23806E+18,"Can't we just go back in time where everything was ok ?

#sad","cannot we just go back in time where everything was ok ?

#sad
",sad
12/03/2020 11:00,1.23806E+18,"Why does pain even exist?

#sad","why does pain even exist?

#sad
",sad
12/03/2020 10:59,1.23806E+18,"Why does it hurt so much ?

#quotes #sad","why does it hurt so much ?

#quotes #sad
",sad
12/03/2020 10:52,1.23806E+18,"If you suffer from #depression watching #VictoriaLive will only depress you more.
It's a doom and gloom programme. 😪","if you suffer from #depression watching #pictorialise will only depress you more.
it is a doom and gloom programme. 😪
",sad
12/03/2020 10:49,1.23805E+18,"But what if there was a #virus that sat on your brain cells your and cured #depression, increased dopamine in your brain by 200% and even fuckin released some like cool chemicals... And then after one full week of hard partying you die. That be my kinda virus.","but what if there was a #virus that sat on your brain cells your and cured #depression, increased dopamine in your brain by 200% and even fucking released some like cool chemicals.. and then after one full week of hard partying you die. that be my kinda virus.
",sad
12/03/2020 10:28,1.23805E+18,"“Your mental health is more important than the test, the interview, the lunch date, the meeting, the family dinner, and the grocery-run. Take care of yourself.”
#depression #anxiety","“your mental health is more important than the test, the interview, the lunch date, the meeting, the family dinner, and the grocery-run. take care of yourself.”
#depression #anxiety
",sad
12/03/2020 10:21,1.23805E+18,It's time for crypto to show what it's made of. #crisis #depression,"it is time for crypto to show what it is made of. #crisis #depression
",sad
12/03/2020 10:11,1.23804E+18,Because as much as you like to believe them you just can't . Best advise l could give to somebody who knows somebody who has depression is support them stand by them tell them how much you love them and need them in your life . Please don't give up keep fighting. #depression,"because as much as you like to believe them you just cannot . best advise l could give to somebody who knows somebody who has depression is support them stand by them tell them how much you love them and need them in your life . please do not give up keep fighting. #depression
",sad
12/03/2020 10:02,1.23804E+18,"""The withdrawals are far worse than the original #depression, for me and so many other people."" 

— Stuart Bryan, 48-year-old who has been taking #antidepressants on and off for more than two decades","""the withdrawals are far worse than the original #depression, for me and so many other people."" 

— stuart bryan, 48-year-old who has been taking #antidepressants on and off for more than two decades
",sad
12/03/2020 09:50,1.23804E+18,"Depression isn’t always dark rooms and crying endlessly. Sometimes it’s getting up, work and smiling and laughing all day then coming home to sit quietly doing little to nothing until its time to go to bed.

Let’s talk about #depression !","depression isn’t always dark rooms and crying endlessly. sometimes it’s getting up, work and smiling and laughing all day then coming home to sit quietly doing little to nothing until its time to go to bed.

let’s talk about #depression !
",sad
12/03/2020 09:36,1.23804E+18,this could be how you start a conversation with a loved one about depression: I have been feeling concerned for you lately #mentalhealth #depression,"this could be how you start a conversation with a loved one about depression: i have been feeling concerned for you lately #mentalhealth #depression
",sad
12/03/2020 09:33,1.23804E+18,What's the rush?Why do we rush about with no time to spare?Does over-working&amp;doing too much make us appear more productive?Is it virtuous or insane?Once we burn out #depression forces us to stop. By resting we take responsibility for recovery. Rest is vital self-care. #depressed,"what has / what is the rush?why do we rush about with no time to spare?does over-working&amp;doing too much make us appear more productive?is it virtuous or insane?once we burn out #depression forces us to stop. by resting we take responsibility for recovery. rest is vital self-care. #depressed
",sad
12/03/2020 09:32,1.23804E+18,"Instead of trying Anti-depressives, TRY BANANA'S! 
They are faar better nd work well against depression.
(Self experienced)

Well, u may not have sugar free bananas 😂

#depression","instead of trying anti-depressives, try banana's! 
they are far better nd work well against depression.
(self experienced)

well, u may not have sugar free bananas 😂

#depression
",sad
12/03/2020 09:29,1.23803E+18,It’s hard not being able to talk to my baby in all day!! #sad,"it’s hard not being able to talk to my baby in all day!! #sad
",sad
12/03/2020 09:03,1.23803E+18,Log movies or web series dakh rhy Han or ma khd ke zindage Barbaad hotee dakh rhe hun #sad😔,"log movies or web series dash rhy han or ma kid he windage barmaid hotel dash rhe hun #sad😔
",sad
12/03/2020 08:29,1.23802E+18,"I cannot stress what enforced solitude does for those of us who already struggle with remembering that there’s a world out there that gives a shit about us. #Depression is hell, #quarantine does not help.","i cannot stress what enforced solitude does for those of us who already struggle with remembering that there’s a world out there that gives a shit about us. #depression is hell, #quarantine does not help.
",sad
12/03/2020 07:52,1.23801E+18,"Usually I'm quite capable of poking fun at my #depression, if only to make others laugh, but sometimes it's just far too much, and I end up curled up on the couch watching random stuff on YouTube while thinking just how much of a disappointment/burden I am to those in my life 😔","usually I am quite capable of poking fun at my #depression, if only to make others laugh, but sometimes it is just far too much, and i end up curled up on the couch watching random stuff on couture while thinking just how much of a disappointment/burden i am to those in my life 😔
",sad
12/03/2020 07:49,1.23801E+18,"Joke's on COVID-19. I've been self-isolating for years! #depression #anxiety

😩","joke's on covid-19. i've been self-isolating for years! #depression #anxiety

😩
",sad
12/03/2020 07:32,1.238E+18,So Trump is blaming Europe for his incompetence and lack of crisis management skills. #SAD,"so trump is blaming europe for his incompetence and lack of crisis management skills. #sad
",sad
12/03/2020 07:22,1.238E+18,"This fear mongering is really working, I don’t even think I can go home. #sad :(","this fear mongering is really working, i don’t even think i can go home. #sad :(
",sad
12/03/2020 07:21,1.238E+18,"#SAD I must admit, though I voted for Bernie I feel very sad for Biden. They limit his speaking and keep him out of public speaking as much as possible. I am sad because of his diminished capacity. Disorientation to time, place, disorganized memory recall.  A serious problem.../","#sad i must admit, though i voted for berne i feel very sad for bien. they limit his speaking and keep him out of public speaking as much as possible. i am sad because of his diminished capacity. disorientation to time, place, disorganized memory recall.  a serious problem../
",sad
12/03/2020 07:18,1.238E+18,"#SAD I must admit, though I voted for Bernie I feel very sad for Biden. They limit his speaking and keep him out of public speaking as much as possible. I am sad because of his diminished capacity. Disorientation to time, place, disorganized memory recall.  A serious problem..,","#sad i must admit, though i voted for berne i feel very sad for bien. they limit his speaking and keep him out of public speaking as much as possible. i am sad because of his diminished capacity. disorientation to time, place, disorganized memory recall.  a serious problem..,
",sad
12/03/2020 07:18,1.238E+18,"#SAD I must admit, though I voted for Bernie I feel very sad for Biden. They limit his speaking and keep him out of public speaking as much as possible. I am sad because of his diminished capacity. Disorientation to time, place, disorganized memory recall.  A serious problem..","#sad i must admit, though i voted for berne i feel very sad for bien. they limit his speaking and keep him out of public speaking as much as possible. i am sad because of his diminished capacity. disorientation to time, place, disorganized memory recall.  a serious problem..
",sad
12/03/2020 07:06,1.238E+18,can someone please talk to me i need some cheering up rn i’m #sad,"can someone please talk to me i need some cheering up rn i’m #sad
",sad
12/03/2020 07:00,1.238E+18,Nigeria is gradually stripping us of any form of humanity in US..... #sad,"nigeria is gradually stripping us of any form of humanity in us.. #sad
",sad
12/03/2020 06:57,1.238E+18,Is porn to the point of someone’s detriment really so important to people they can’t even laugh at a sex joke? #sad,"is porn to the point of someone’s detriment really so important to people they can’t even laugh at a sex joke? #sad
",sad
12/03/2020 06:36,1.23799E+18,this is how to show a loved one you care: Have you talked to anyone about how you feel? #mentalhealth #depression,"this is how to show a loved one you care: have you talked to anyone about how you feel? #mentalhealth #depression
",sad
12/03/2020 06:25,1.23799E+18,I’m here to expose ALL of the fake and scamming pieces of SCUM. Calling themselves “real”. Pathetic. DO NOT WASTE MY TIME. #sad #realsugardaddy,"i’m here to expose all of the fake and scamming pieces of scum. calling themselves “real”. pathetic. do not waste my time. #sad #realsugardaddy
",sad
12/03/2020 06:20,1.23799E+18,"Is this the end of us...?
Or just the means to...start again...

#sad 
#night","is this the end of us..?
or just the means to..start again..

#sad 
#night
",sad
12/03/2020 05:58,1.23798E+18,"Ot will be nice to forget to keep it inside sometimes

#Sad","ot will be nice to forget to keep it inside sometimes

#sad
",sad
12/03/2020 05:49,1.23798E+18,I’ve been canceling events and socially distancing since before all this tshh #depression #aaaaaaaah,"i’ve been canceling events and socially distancing since before all this tsh #depression #aah
",sad
12/03/2020 05:25,1.23797E+18,Forever wishing I naturally had 20/20 vision. #sad #ThanksGramma,"forever wishing i naturally had 20/20 vision. #sad #thanksgramma
",sad
12/03/2020 05:24,1.23797E+18,Finished on my block... devastated then I find out my guy Tom has coronavirus #sad,"finished on my block.. devastated then i find out my guy tom has coronavirus #sad
",sad
12/03/2020 05:02,1.23797E+18,Doctors don’t listen they just give you pills and then just send you on the way 😭#depression,"doctors don’t listen they just give you pills and then just send you on the way 😭#depression
",sad
12/03/2020 04:51,1.23796E+18,Upset about NBA being suspended but haven’t checked on one friend or relative over 60 #Sad,"upset about na being suspended but haven’t checked on one friend or relative over 60 #sad
",sad
12/03/2020 04:48,1.23796E+18,Going to have to watch the decade of excellence the whole month of March!! #sad #CollegeBasketball,"going to have to watch the decade of excellence the whole month of march!! #sad #collegebasketball
",sad
12/03/2020 04:37,1.23796E+18,#depression is crying in your parents kitchen at 4:30am because your life has fallen apart and you cant even turn to the person you love because they're the wrong choice....,"#depression is crying in your parents kitchen at 4:30am because your life has fallen apart and you cant even turn to the person you love because they are the wrong choice..
",sad
12/03/2020 04:31,1.23796E+18,"Tom Hanks got the corona virus. 
First post in a while since I forgot my Twitter password but suddenly remembered it. Anyways...#sad","tom hanks got the corona virus. 
first post in a while since i forgot my twitter password but suddenly remembered it. anyways..#sad
",sad
12/03/2020 04:31,1.23796E+18,I bet grassroots tournament directors don’t stop having fans.... 🤔 if the NCAA is doing it and NBA. What’s excluding HS &amp; AAU? Get ready folks the train is coming downhill..... #FACTS #SAD,"i bet grassroots tournament directors don’t stop having fans.. 🤔 if the naa is doing it and na. what’s excluding hs &amp; au? get ready folks the train is coming downhill.. #facts #sad
",sad
12/03/2020 04:23,1.23796E+18,I just want a long ass..... A long ass relationship 💯 #sad,"i just want a long ass.. a long ass relationship 💯 #sad
",sad
12/03/2020 04:23,1.23796E+18,"Imagine handling everything on your own, while the one who’s supposed to be supporting you would rather prep her meals than preparing for your parents. #sad","imagine handling everything on your own, while the one who’s supposed to be supporting you would rather prep her meals than preparing for your parents. #sad
",sad
12/03/2020 04:20,1.23796E+18,"5/n The Nigeria immigration, custom, and health institutions are not left out of this. Each day personnel from these institutions inhumanely treat and exploit the people like their lives, opinions or dreams don't matter #Sad this is not supposed to be.","5/n the nigeria immigration, custom, and health institutions are not left out of this. each day personnel from these institutions inhumanely treat and exploit the people like their lives, opinions or dreams do not matter #sad this is not supposed to be.
",sad
12/03/2020 04:19,1.23796E+18,today when i wished to just go home tmrw...i didn’t think my wish would actually come true so hi i’m senti this is #sad #byeabroad,"today when i wished to just go home turn..i didn’t think my wish would actually come true so hi i’m senti this is #sad #byeabroad
",sad
12/03/2020 04:06,1.23795E+18,I can’t believe I just scheduled for senior year ha ha ha #hi #depression,"i can’t believe i just scheduled for senior year ha ha ha #hi #depression
",sad
12/03/2020 04:00,1.23795E+18,I'm currently feeling #Sad.,"I am currently feeling #sad.
",sad
12/03/2020 03:52,1.23795E+18,why do all my friends live in like a different planet these mfs call whenever im busy and its #sad,"why do all my friends live in like a different planet these ms call whenever im busy and its #sad
",sad
12/03/2020 03:48,1.23795E+18,more like march #sadness,"more like march #sadness
",sad
12/03/2020 03:41,1.23795E+18,Pretending like you're ok when you aren't is the hardest thing to do and I suck at it because if you read what I've written it's very obvious I'm not ok. #littlespace #sad,"pretending like you are ok when you are not is the hardest thing to do and i suck at it because if you read what i've written it is very obvious I am not ok. #littlespace #sad
",sad
12/03/2020 03:39,1.23795E+18,Today my census taker learned that Guam is apart of the US... #Sad and you're welcome Ms.,"today my census taker learned that guam is apart of the us.. #sad and you are welcome ms.
",sad
12/03/2020 03:38,1.23795E+18,#depression accelelate your life and fight for your feeling,"#depression accelerate your life and fight for your feeling
",sad
12/03/2020 03:37,1.23795E+18,this is how to show a loved one you care: Did something happen to make you start feeling this way? #mentalhealth #depression,"this is how to show a loved one you care: did something happen to make you start feeling this way? #mentalhealth #depression
",sad
12/03/2020 03:36,1.23795E+18,so i’m sitting ina solo lobby cuz warzone only 3 players :/ #sad,"so i’m sitting in solo lobby cuz carvone only 3 players :/ #sad
",sad
12/03/2020 03:30,1.23794E+18,Just a week ago I was able to eat three cheese burgers a large fry chicken nuggets and a shamrock shake and now I ate a value fry and 1/2 cheeseburger &amp; im full #depression,"just a week ago i was able to eat three cheese burgers a large fry chicken nuggets and a shamrock shake and now i ate a value fry and 1/2 cheeseburger &amp; im full #depression
",sad
12/03/2020 03:28,1.23794E+18,WELL THEN. life comes at you fast. #SAD,"well then. life comes at you fast. #sad
",sad
12/03/2020 03:17,1.23794E+18,Everyone out here bitching about sports getting cancelled and all I want is the airlines to stay open so I can go say by to my dying mother. #sadness,"everyone out here bitching about sports getting cancelled and all i want is the airlines to stay open so i can go say by to my dying mother. #sadness
",sad
12/03/2020 03:13,1.23794E+18,I'm just tired #depression,"I am just tired #depression
",sad
12/03/2020 03:13,1.23794E+18,Why is everything in my life going great. But I still don’t wanna be here. #depression #sadness,"why is everything in my life going great. but i still don’t wanna be here. #depression #sadness
",sad
12/03/2020 03:10,1.23794E+18,okay they cancelled our games. This has gone too far 🥺 #sad,"okay they cancelled our games. this has gone too far 🥺 #sad
",sad
12/03/2020 03:07,1.23794E+18,Wtf# my job just went in the toilet along with the economy #depression talk next,"wtv# my job just went in the toilet along with the economy #depression talk next
",sad
12/03/2020 03:04,1.23794E+18,COVID-19 is about to take my sugar daddy away #sadness,"covid-19 is about to take my sugar daddy away #sadness
",sad
12/03/2020 03:03,1.23794E+18,Tonight I saw a 73-year-old man deliver an address as if he were a hostage reading a statement written by his captors. And then I saw him act like a 5-year-old once he *thought* the broadcast was over. Apologies to the actual 5-year-olds out there. You’re better than that. #Sad,"tonight i saw a 73-year-old man deliver an address as if he were a hostage reading a statement written by his captors. and then i saw him act like a 5-year-old once he *thought* the broadcast was over. apologies to the actual 5-year-olds out there. you’re better than that. #sad
",sad
12/03/2020 03:00,1.23794E+18,People really dont know how to #WashYourHands ? #sad,"people really dont know how to #washyourhands ? #sad
",sad
12/03/2020 02:48,1.23793E+18,Niggas really be faking their personality to fuck. #SAD,"nights really be faking their personality to fuck. #sad
",sad
12/03/2020 02:39,1.23793E+18,Spring break plans are cancelled #sad,"spring break plans are cancelled #sad
",sad
12/03/2020 02:27,1.23793E+18,Can't sleep.  Just staying up late in bed thinking about offing myself.  Good times.  #depression,"cannot sleep.  just staying up late in bed thinking about offing myself.  good times.  #depression
",sad
12/03/2020 02:13,1.23792E+18,Of course the NBA gets suspended the game before Nurk comes back #ripcity #sad,"of course the na gets suspended the game before nur comes back #rapacity #sad
",sad
12/03/2020 02:05,1.23792E+18,"If you have friends or family members with #depression or other mental health issues, please reach out to them. Global pandemic is a reality that can add an extra layer of hardship for us right now. Extra love and caring can really help.","if you have friends or family members with #depression or other mental health issues, please reach out to them. global pandemic is a reality that can add an extra layer of hardship for us right now. extra love and caring can really help.
",sad
12/03/2020 02:04,1.23792E+18,i wish community colleges were shutting down from the corona virus #sad,"i wish community colleges were shutting down from the corona virus #sad
",sad
12/03/2020 02:03,1.23792E+18,Tom Hanks has corona virus :( #sad #worried,"tom hanks has corona virus :( #sad #worried
",sad
12/03/2020 01:59,1.23792E+18,"#TrumpAddress This is the most he's READ in years! It was painful to try to listen. I'll wait for the recap.
#Sad","#trumpaddress this is the most he has read in years! it was painful to try to listen. i'll wait for the recap.
#sad
",sad
12/03/2020 01:52,1.23792E+18,"Wait so is the anime body pillow I ordered, that’s currently chilling in China, won’t be delivered anytime soon? #coronavirus #sad","wait so is the anime body pillow i ordered, that’s currently chilling in china, won’t be delivered anytime soon? #coronavirus #sad
",sad
12/03/2020 01:41,1.23792E+18,Fuck no March Madness is coming up #Sad,"fuck no march madness is coming up #sad
",sad
12/03/2020 01:41,1.23792E+18,BASKETBALL IS CANCELLED #SAD,"basketball is cancelled #sad
",sad
12/03/2020 01:40,1.23792E+18,"Fellow sufferers of #depression and/or #bipolardisorder  is there ever an activity that is so WHOLESOME it makes you cry/want to cry? For me it's playing ball with my dog (who is my living, breathing front line treatment for depression).","fellow sufferers of #depression and/or #bipolardisorder  is there ever an activity that is so wholesome it makes you cry/want to cry? for me it is playing ball with my dog (who is my living, breathing front line treatment for depression).
",sad
12/03/2020 01:39,1.23792E+18,Miss you tube y’all #sad,"miss you tube y’all #sad
",sad
12/03/2020 01:39,1.23792E+18,#sad and #stressed but can’t wait to be home with my family in a few days ❤️,"#sad and #stressed but can’t wait to be home with my family in a few days ❤️
",sad
12/03/2020 01:38,1.23792E+18,"That official statement from the Oval Office got me closing my eyes, dreaming of Obama's soothing voice comforting his fellow Americans #SAD","that official statement from the oval office got me closing my eyes, dreaming of drama's soothing voice comforting his fellow americans #sad
",sad
12/03/2020 01:34,1.23791E+18,"I miss BLANC7 music on Apple Music :)  
Imma stream it illegally¿ on SoundCloud #sad","i miss blanc7 music on apple music :)  
amma stream it illegally¿ on soundcloud #sad
",sad
12/03/2020 01:30,1.23791E+18,Tom Hanks con coronavirus #sad,"tom hanks con coronavirus #sad
",sad
12/03/2020 01:14,1.23791E+18,The problem with everything he says about coming together as a nation/putting politics aside is that his daily acts/tweets does those very things. #SAD #Actionnotwords,"the problem with everything he says about coming together as a nation/putting politics aside is that his daily acts/tweets does those very things. #sad #actionnotwords
",sad
12/03/2020 01:11,1.23791E+18,The Dotard in Chief sounds like a third grader reading his “ what I did on my summer vacation” essay. #SAD,"the dotard in chief sounds like a third grader reading his “ what i did on my summer vacation” essay. #sad
",sad
12/03/2020 01:11,1.23791E+18,"I spent the whole day in bed, most of it sleeping. I was totally avoiding work. I find my job to be very stressful. Well, my boss knows it was because of stress and not that I was actually sick. I feel tons of shame. #SickNotWeak #depression","i spent the whole day in bed, most of it sleeping. i was totally avoiding work. i find my job to be very stressful. well, my boss knows it was because of stress and not that i was actually sick. i feel tons of shame. #sicknotweak #depression
",sad
12/03/2020 01:11,1.23791E+18,Feel bad for Vince Carter. His final season may end playing in an arena with no fans.  #sad #nba,"feel bad for since carter. his final season may end playing in an arena with no fans.  #sad #na
",sad
12/03/2020 01:10,1.23791E+18,What a shame my MIL died because now Ed McEneaney cant try and collect free money by pretending to care for a corona virus sufferer! #SAD,"what a shame my mil died because now ed mceneaney cant try and collect free money by pretending to care for a corona virus sufferer! #sad
",sad
12/03/2020 01:10,1.23791E+18,"Is it just me, or does Trump's speech sound like a hostage statement? What a complete disaster. #Sad #CoronaVirus","is it just me, or does trump's speech sound like a hostage statement? what a complete disaster. #sad #coronavirus
",sad
12/03/2020 01:07,1.23791E+18,"Trump really looks like shit. 

No way he’ll debate anyone. 

#Sad","trump really looks like shit. 

no way he’ll debate anyone. 

#sad
",sad
12/03/2020 01:05,1.23791E+18,I hate when you think someone is great and then they add you on Facebook and you see how racist and small minded they are.  #Sad #TruthHurts,"i hate when you think someone is great and then they add you on datebook and you see how racist and small minded they are.  #sad #truthhurts
",sad
12/03/2020 01:03,1.23791E+18,"hi everyone! i don’t on here much because #depression got the best of me, but i’m doing better! i have a good day today! HAVE A GREAT NIGHT","hi everyone! i don’t on here much because #depression got the best of me, but i’m doing better! i have a good day today! have a great night
",sad
12/03/2020 01:00,1.23791E+18,#Survivor was the only TV that I looked forward to during the week. #Sad,"#survivor was the only tv that i looked forward to during the week. #sad
",sad
12/03/2020 01:00,1.23791E+18,"Good News! Not only is  Mike Pence in charge of the coronavirus govt team, now Son- in-law Jared Kushner is  advising tRump on it. Oh Boy...Are we in good hands! No worries Folks! Forget medical professionals, We the People now have tRump yes-boys leading the team.
#SAD🇺🇸
#RESIST","good news! not only is  mike pence in charge of the coronavirus govt team, now son- in-law dared mushier is  advising trump on it. oh boy..are we in good hands! no worries folks! forget medical professionals, we the people now have trump yes-boys leading the team.
#sad🇺🇸
#resist
",sad
12/03/2020 00:49,1.2379E+18,rudy going out #sad rn,"rude going out #sad rn
",sad
12/03/2020 00:48,1.2379E+18,"This week has been a miserable week for my depression but progress is being made.
Monday I didn’t get out of bed and didn’t eat or shower or anything. 
Tuesday I made myself eat something and shower.
Today I went out and bought garbage bags. 
#MentalHealthAwareness #depression","this week has been a miserable week for my depression but progress is being made.
monday i didn’t get out of bed and didn’t eat or shower or anything. 
tuesday i made myself eat something and shower.
today i went out and bought garbage bags. 
#mentalhealthawareness #depression
",sad
12/03/2020 00:42,1.2379E+18,If Denver Comic Con gets canceled imma be #sad,"if denver comic con gets canceled amma be #sad
",sad
12/03/2020 00:39,1.2379E+18,I wanna take this game thing to the next level because college just fucked me ..... so I’m about to go so hard all I wanna do is succeed.... #depression,"i wanna take this game thing to the next level because college just fucked me .. so i’m about to go so hard all i wanna do is succeed.. #depression
",sad
12/03/2020 00:37,1.2379E+18,"this could be how you start a conversation with a loved one about depression: Recently, I've noticed some changes in you and wanted to see if you were doing alright #mentalhealth #depression","this could be how you start a conversation with a loved one about depression: recently, i've noticed some changes in you and wanted to see if you were doing alright #mentalhealth #depression
",sad
12/03/2020 00:31,1.2379E+18,"Just think of a NATIONAL CHAMPIONSHIP GAME with NO fans, only family😭 #Sad","just think of a national championship game with no fans, only family😭 #sad
",sad
12/03/2020 00:30,1.2379E+18,"Due to spraining my foot, you read that right, one of my powerful coping skills was taken away — walking. I’m slipping into a depressive episode, and the two combined resulted in lots of sleep. I am fighting it best I can. Started writing again. #NeverGiveUp #depression","due to spraining my foot, you read that right, one of my powerful coping skills was taken away — walking. i’m slipping into a depressive episode, and the two combined resulted in lots of sleep. i am fighting it best i can. started writing again. #nevergiveup #depression
",sad
12/03/2020 00:25,1.2379E+18,The Coronavirus is making everyone SO soft. #sad,"the coronavirus is making everyone so soft. #sad
",sad
12/03/2020 00:21,1.2379E+18,"I expect Trump to tout job numbers tonight
#Sad","i expect trump to tout job numbers tonight
#sad
",sad
12/03/2020 00:16,1.2379E+18,"Well.. hopefully other schools cancel visits as well, otherwise Ohio State recruiting is going to take a massive blow #Sad","well.. hopefully other schools cancel visits as well, otherwise ohio state recruiting is going to take a massive blow #sad
",sad
12/03/2020 00:14,1.23789E+18,Got medicine for depression and anxiety #depression #Anxiety,"got medicine for depression and anxiety #depression #anxiety
",sad
12/03/2020 00:13,1.23789E+18,March MADness has a new meaning.  WOW...thanks stupid liberal nuts!  This is not right...I wish everyone could see through them.  Shame for making this horrible virus into politics.  I caught that CNN said now 10% may get it.  It WAS 35%.  You said it anohter way...liars. #Sad,"march madness has a new meaning.  wow..thanks stupid liberal nuts!  this is not right..i wish everyone could see through them.  shame for making this horrible virus into politics.  i caught that can said now 10% may get it.  it was 35%.  you said it another way..liars. #sad
",sad
12/03/2020 00:04,1.23789E+18,Welp looks like we won't have recruiting to talk about for the next month. #SAD,"well looks like we will not have recruiting to talk about for the next month. #sad
",sad
11/03/2020 23:54,1.23789E+18,Some of the media sources across the country need to delete their accounts. They make up about 9 different accounts talk to themselves on Twitter about the same players never ever seen them play.  But most importantly have never played basketball.  Only in girls basketball.  #Sad,"some of the media sources across the country need to delete their accounts. they make up about 9 different accounts talk to themselves on twitter about the same players never ever seen them play.  but most importantly have never played basketball.  only in girls basketball.  #sad
",sad
11/03/2020 23:46,1.23789E+18,Today I will skip all meals bc I am a #skinnylegend and I am #sad,"today i will skip all meals bc i am a #skinnylegend and i am #sad
",sad
11/03/2020 23:42,1.23789E+18,I'm #sad well fought Liverpool just wasn't meant to be this year. Time to wrap up the league,"I am #sad well fought liverpool just was not meant to be this year. time to wrap up the league
",sad
11/03/2020 23:42,1.23789E+18,All i want to do is close my eyes and sleep. #Depression,"all i want to do is close my eyes and sleep. #depression
",sad
11/03/2020 23:39,1.23789E+18,i lost my airpods today and i am #sad,"i lost my bipods today and i am #sad
",sad
11/03/2020 23:36,1.23789E+18,"You know that thing where your right tonsil develops sharp corners, and sometimes when you swallow it feels like you're being stabbed in the throat with a shard of glass? No? No? Nobody? It's just me? #sad","you know that thing where your right tonsil develops sharp corners, and sometimes when you swallow it feels like you are being stabbed in the throat with a shard of glass? no? no? nobody? it is just me? #sad
",sad
11/03/2020 23:29,1.23788E+18,"Welp, guess I won’t be seeing Tame Impala on Friday #SAD","well, guess i won’t be seeing tame impala on friday #sad
",sad
11/03/2020 23:13,1.23788E+18,"Gonna toss this out into the void...
Any expats out there who really struggle/feel trapped? 
Talk to me. 😞
#expatlife #depression","gonna toss this out into the void..
any expats out there who really struggle/feel trapped? 
talk to me. 😞
#expatlife #depression
",sad
11/03/2020 23:13,1.23788E+18,"Too sad to live, too poor to die. #depression","too sad to live, too poor to die. #depression
",sad
11/03/2020 23:09,1.23788E+18,"I'm in the hell of mental illness🆘
#depression #MentalHealthMatters","I am in the hell of mental illness🆘
#depression #mentalhealthmatters
",sad
11/03/2020 23:04,1.23788E+18,Breaking: I just found out there’s an NBA team called the Pelicans. #sadness,"breaking: i just found out there’s an na team called the pelicans. #sadness
",sad
11/03/2020 23:02,1.23788E+18,"And coronavirus or covid-19 shuts down the Houston Rodeo. So many devastated teens, kids who will not show their animals, vie for $$millions in scholarships. #Sad #Concerned","and coronavirus or covid-19 shuts down the houston rodeo. so many devastated teens, kids who will not show their animals, vie for $$millions in scholarships. #sad #concerned
",sad
11/03/2020 22:56,1.23788E+18,Poor Liverpool fans... they’re only gg to win the league this year 😭 #sad #dissapointed,"poor liverpool fans.. they’re only go to win the league this year 😭 #sad #disappointed
",sad
11/03/2020 22:44,1.23787E+18,"#depression isn’t limited to moments of quiet solitude. It can happen in turbulent times. It can rear its ugly head as we do things we love, even while we’re surrounded by people who love and support us.
Yes, it can strike in the middle of fixing dinner.","#depression isn’t limited to moments of quiet solitude. it can happen in turbulent times. it can rear its ugly head as we do things we love, even while we’re surrounded by people who love and support us.
yes, it can strike in the middle of fixing dinner.
",sad
11/03/2020 22:41,1.23787E+18,"Overheard in the grocery aisle
Lady: “ooh, do they have those Pop-Tarts without frosting?”
Friend: “wait, what? Without frosting? They MAKE those?”
Lady: “YES, and see, they don’t have any!”
Friend: “those just sound sad.”#sad #whereisthefrosting","overheard in the grocery aisle
lady: “ooh, do they have those pop-tarts without frosting?”
friend: “wait, what? without frosting? they make those?”
lady: “yes, and see, they don’t have any!”
friend: “those just sound sad.”#sad #whereisthefrosting
",sad
11/03/2020 22:36,1.23787E+18,apologies for the football tweets but my club has just been knocked out of the champions league and i am #sad,"apologies for the football tweets but my club has just been knocked out of the champions league and i am #sad
",sad
11/03/2020 22:33,1.23787E+18,that line in white knight is so genius im lit rally the human embodiment of it so #sad that it even makes me laugh,"that line in white knight is so genius im lit rally the human embodiment of it so #sad that it even makes me laugh
",sad
11/03/2020 22:31,1.23787E+18,"Liverpool At The Moment
#sad","liverpool at the moment
#sad
",sad
11/03/2020 22:28,1.23787E+18,"#Dreadful is how I have become. No words can define my #depression. “Gloom of my doom”, is a new title for me.","#dreadful is how i have become. no words can define my #depression. “gloom of my doom”, is a new title for me.
",sad
11/03/2020 22:25,1.23787E+18,I need more local friends ☹️😔 #lonely #sad,"i need more local friends ☹️😔 #lonely #sad
",sad
11/03/2020 22:24,1.23787E+18,watching unicorn store bc im #sad,"watching unicorn store bc im #sad
",sad
11/03/2020 22:15,1.23786E+18,"Juventus FC have announced that defender Daniel Rugani has tested positive for Corona Virus.
#sad.
I hope he recovers.
I wonder how many more footballers have been infected at the moment.","jumentous fc have announced that defender daniel regain has tested positive for corona virus.
#sad.
i hope he recovers.
i wonder how many more footballers have been infected at the moment.
",sad
11/03/2020 22:13,1.23786E+18,"Liverpool greatest bottlers in football #sad
#LIVATM","liverpool greatest bottlers in football #sad
#vivat
",sad
11/03/2020 22:10,1.23786E+18,this whole corona virus has me #sad,"this whole corona virus has me #sad
",sad
11/03/2020 22:06,1.23786E+18,Well don’t bet on underdogs in the dance crowd plays a big role in upsets #sad #ncaa,"well don’t bet on underdogs in the dance crowd plays a big role in upsets #sad #naa
",sad
11/03/2020 21:56,1.23786E+18,Almost 60 yrs old and your whole life revolves around your 26 yr old daughter #sad,"almost 60 yrs old and your whole life revolves around your 26 yr old daughter #sad
",sad
11/03/2020 21:55,1.23786E+18,"“I just hope my death makes more cents than my life”
#depression #depressed","“i just hope my death makes more cents than my life”
#depression #depressed
",sad
11/03/2020 21:53,1.23786E+18,Can Gus Johnson even Gus Johnson without fans? #sad,"can gus johnson even gus johnson without fans? #sad
",sad
11/03/2020 21:38,1.23786E+18,this is how to show a loved one you care: How can I best support you right now? #mentalhealth #depression,"this is how to show a loved one you care: how can i best support you right now? #mentalhealth #depression
",sad
11/03/2020 21:32,1.23785E+18,I’m getting sick 😷 #sad,"i’m getting sick 😷 #sad
",sad
11/03/2020 21:28,1.23785E+18,This Country is Pussy AF #sad,"this country is pussy af #sad
",sad
11/03/2020 21:11,1.23785E+18,Taking away the fans at march madness is just the most absurd thing I’ve ever heard everyone who watched the dance looks forward to the final four in a goddamn football stadium #sad,"taking away the fans at march madness is just the most absurd thing i’ve ever heard everyone who watched the dance looks forward to the final four in a goddamn football stadium #sad
",sad
11/03/2020 21:02,1.23785E+18,let's go #depression,"let us go #depression
",sad
11/03/2020 20:57,1.23785E+18,I am all messed up inside. #Depression,"i am all messed up inside. #depression
",sad
11/03/2020 20:54,1.23784E+18,"Tell me what you do when you are totally depressed? How to pass #depression moments?
Pleaaaseee, I need your help 🙏🌱","tell me what you do when you are totally depressed? how to pass #depression moments?
please, i need your help 🙏🌱
",sad
11/03/2020 20:42,1.23784E+18,I wish that I was good enough. #Depression,"i wish that i was good enough. #depression
",sad
11/03/2020 20:31,1.23784E+18,"EHM a wet, windy weather !!!
What else do ya'll want, just gtfo the house and soak your ass in the rain.
Make sure you take a hot shower afterwards.
☔️🌸
Heard it helps #depression!","eh a wet, windy weather !!
what else do ya'll want, just to the house and soak your ass in the rain.
make sure you take a hot shower afterwards.
☔️🌸
heard it helps #depression!
",sad
11/03/2020 20:26,1.23784E+18,I will get through this... one day at a time! #sad,"i will get through this.. one day at a time! #sad
",sad
11/03/2020 20:25,1.23784E+18,I just keep doing the same shit over and over. Taking out my fustration on everyone else and feel guilty after. I dont know what to do but say sorry. #mentalillness #depression,"i just keep doing the same shit over and over. taking out my flustration on everyone else and feel guilty after. i dont know what to do but say sorry. #mentalillness #depression
",sad
11/03/2020 20:21,1.23784E+18,"So sad, I was supposed to go to Overwatch League live matches two days in a row for my birthday and it was just cancelled because of virus. I understand, I’m just sad. 

I would like to see your pets now. Thank you. 

#OverwatchLeague #Sad","so sad, i was supposed to go to overwatch league live matches two days in a row for my birthday and it was just cancelled because of virus. i understand, i’m just sad. 

i would like to see your pets now. thank you. 

#overwatchleague #sad
",sad
11/03/2020 20:20,1.23784E+18,so does this mean no more frat parties? #sad,"so does this mean no more frat parties? #sad
",sad
11/03/2020 20:17,1.23784E+18,Watching Joker when suffering with depression is brutal. I was not prepared #depression #Joker,"watching joker when suffering with depression is brutal. i was not prepared #depression #joker
",sad
11/03/2020 20:03,1.23783E+18,"If someone has the courage &amp; trust to share their struggles of #depression or #suicide ideation with you, PLEASE, please be there to listen &amp; support them! You may be the only person with whom they've been able to open up to. It isn't easy to reach out! Please Retweet!","if someone has the courage &amp; trust to share their struggles of #depression or #suicide ideation with you, please, please be there to listen &amp; support them! you may be the only person with whom they have been able to open up to. it is not easy to reach out! please between!
",sad
11/03/2020 19:56,1.23783E+18,"Hey guys! Current update, we are currently in a hard fought battle with the Germans we have witnessed and experienced the new ‘poison gas’ we currently have over 4000 men dead and this is a very sad time #sad #mandown ‘-Thursday, may 13, 1915","hey guys! current update, we are currently in a hard fought battle with the germans we have witnessed and experienced the new ‘poison gas’ we currently have over 400 men dead and this is a very sad time #sad #hagdown ‘-thursday, may 13, 1915
",sad
11/03/2020 19:53,1.23783E+18,"If God (if...HA) could make COVID-19 vanish right now -- poof...GONE!! -- how many would take Him up on it? Instead, He offers eternal salvation free for the taking through his son, Jesus Christ, and many say, ""no thanks,"" or, ""Don't need it. I got this."" #sad","if god (if..ha) could make covid-19 vanish right now -- poof..gone!! -- how many would take him up on it? instead, he offers eternal salvation free for the taking through his son, jesus christ, and many say, ""no thanks,"" or, ""do not need it. i got this."" #sad
",sad
11/03/2020 19:50,1.23783E+18,"And You Wouldn't Listen.  You Thought It Was A Great Time To Buy Last Week...And You Did.  #sad

Stocks slide 1400 pts this afternoon  3/11/20  3:49

#Whiplash","and you would not listen.  you thought it was a great time to buy last week..and you did.  #sad

stocks slide 1400 pts this afternoon  3/11/20  3:49

#whiplash
",sad
11/03/2020 19:49,1.23783E+18,everything getting cancelled except work #sad,"everything getting cancelled except work #sad
",sad
11/03/2020 19:36,1.23782E+18,Feeling reallly really bad for D1 lacrosse seniors right now. Can’t wrap my head around canceling an entire season because of a virus. Some teams that could compete for national championships and a few of best players in the country. #sad,"feeling really really bad for d1 lacrosse seniors right now. can’t wrap my head around canceling an entire season because of a virus. some teams that could compete for national championships and a few of best players in the country. #sad
",sad
11/03/2020 19:22,1.23782E+18,Fuckkk me and my gfs Tame Impala show got postponed:/ #TameImpala #sad,"fuck me and my gas tame impala show got postponed:/ #tameimpala #sad
",sad
11/03/2020 19:15,1.23782E+18,This #depression trying to creep back on me 😒,"this #depression trying to creep back on me 😒
",sad
11/03/2020 19:10,1.23782E+18,"just drank my last protein shake, then got my throat fucked, puked everything out and now i have nothing left :( #sad #sadboy","just drank my last protein shake, then got my throat fucked, puked everything out and now i have nothing left :( #sad #sandboy
",sad
12/03/2020 11:15,1.23806E+18,Can i skip to the part in my life when i accept that my eyesight will always be bad 😭,"can i skip to the part in my life when i accept that my eyesight will always be bad 😭
",sad
12/03/2020 11:15,1.23806E+18,I was really trying to do a Europe tour but COVID-19 is not gonna catch me 🤧 had to cancel my flights but we move 😭,"i was really trying to do a europe tour but covid-19 is not gonna catch me 🤧 had to cancel my flights but we move 😭
",sad
12/03/2020 11:15,1.23806E+18,Not the transmissionnnnnnn 😭🤣,"not the transmission 😭🤣
",sad
12/03/2020 11:15,1.23806E+18,A lot of works😭,"a lot of works😭
",sad
12/03/2020 11:15,1.23806E+18,orbits already on the MOVE 😭 got these screenshots ready oh my gosh we’re gonna be loud for the next couple of days,"orbits already on the move 😭 got these screenshots ready oh my gosh we’re gonna be loud for the next couple of days
",sad
12/03/2020 11:15,1.23806E+18,ready for today to be over 😭 tomorrow will be litt tho 😂,"ready for today to be over 😭 tomorrow will be lit tho 😂
",sad
12/03/2020 11:15,1.23806E+18,Coronavirus🦠 shyt is gettin ridiculous now. Cut it out 😭,"coronavirus🦠 shot is getting ridiculous now. cut it out 😭
",sad
12/03/2020 11:15,1.23806E+18,Still feel so bad for pentagon 😔 they deserve so much better,"still feel so bad for pentagon 😔 they deserve so much better
",sad
12/03/2020 11:15,1.23806E+18,ORBITS 😭🥺 #LOONA1stWin,"orbits 😭🥺 #doona1stain
",sad
12/03/2020 11:15,1.23806E+18,LOONA 1ST WIN DESERVED😭,"doona 1st win deserved😭
",sad
12/03/2020 11:15,1.23806E+18,I wanna go gym but what if I get the Corona virus😔,"i wanna go gym but what if i get the corona virus😔
",sad
12/03/2020 11:15,1.23806E+18,"Am going to the doctor little later for new checkups , please wish me luck cause am literally shaking 😭😭","am going to the doctor little later for new checkups , please wish me luck cause am literally shaking 😭😭
",sad
12/03/2020 11:15,1.23806E+18,If Who manages to chart hot 100 at this point it would be a miracle 😭. Who deserves better treatment than what it got.,"if who manages to chart hot 100 at this point it would be a miracle 😭. who deserves better treatment than what it got.
",sad
12/03/2020 11:15,1.23806E+18,John Green is indeed the best of all 😭,"john green is indeed the best of all 😭
",sad
12/03/2020 11:15,1.23806E+18,Bro the bags under my eyes hanging lower than your grandmas titties right now 😭,"bro the bags under my eyes hanging lower than your grandmas titties right now 😭
",sad
12/03/2020 11:15,1.23806E+18,The hospital is a scary place right now. 😭,"the hospital is a scary place right now. 😭
",sad
12/03/2020 11:15,1.23806E+18,"I choked whenever i see Yeojin, Oli and Heejin cried on the screen 😭","i choked whenever i see rejoin, oli and heeding cried on the screen 😭
",sad
12/03/2020 11:15,1.23806E+18,I can purchase the Gaga ticket in a minute but what if it gets cancelled!??? Help. 😭,"i can purchase the gaga ticket in a minute but what if it gets cancelled!?? help. 😭
",sad
12/03/2020 11:15,1.23806E+18,stop did they really get their phones taken until a win or is that just an ongoing joke 😭,"stop did they really get their phones taken until a win or is that just an ongoing joke 😭
",sad
12/03/2020 11:15,1.23806E+18,Then again 😭 I wanna wait 3 more years and hopefully I’ll be married or close to it ...,"then again 😭 i wanna wait 3 more years and hopefully i’ll be married or close to it ..
",sad
12/03/2020 11:15,1.23806E+18,F*ckkkk I forgot this was on the anniversary date of /3 DEBUT😭 this is so beautiful,"f*ck i forgot this was on the anniversary date of /3 debut😭 this is so beautiful
",sad
12/03/2020 11:15,1.23806E+18,"can i go back to the times where my world only revolved to minecraft, youtube and vines; even tho i only had a few friends i was still happy lol😔","can i go back to the times where my world only revolved to mineshaft, couture and vines; even tho i only had a few friends i was still happy low😔
",sad
12/03/2020 11:15,1.23806E+18,"This is my last day going crazy, every day my mom tells me ima start looking old if I don’t slow down ... I’m seeing it 😭","this is my last day going crazy, every day my mom tells me ma start looking old if i don’t slow down .. i’m seeing it 😭
",sad
12/03/2020 11:15,1.23806E+18,WOW just WOW 😭,"wow just wow 😭
",sad
12/03/2020 11:15,1.23806E+18,please tell me that mithra really will eat burned food 😭,"please tell me that mithra really will eat burned food 😭
",sad
12/03/2020 11:15,1.23806E+18,"Imagine there’s no taraweeh/tahajud during ramadan because of this corona virus, that will hit me differently😭","imagine there’s no tarweed/tahanun during ramadan because of this corona virus, that will hit me differently😭
",sad
12/03/2020 11:15,1.23806E+18,i’m still upset about the whole blonde thing and the ritual lore being inaccurate to WoT but i feel a lot better about that specific scene. but it still hurts 😔,"i’m still upset about the whole blonde thing and the ritual lore being inaccurate to wot but i feel a lot better about that specific scene. but it still hurts 😔
",sad
12/03/2020 11:15,1.23806E+18,ended up @ SR lmao i ordered a hot cappuccino &amp; it tasted like shit. it was like 30% coffee &amp; 70% bubbles... fr 😭,"ended up @ sr lao i ordered a hot cappuccino &amp; it tasted like shit. it was like 30% coffee &amp; 70% bubbles.. fr 😭
",sad
12/03/2020 11:15,1.23806E+18,preparing myself for #BlackAndWhiteNH 😭😩 #HeartbreakWeather,"preparing myself for #blackandwhitenh 😭😩 #heartbreakweather
",sad
12/03/2020 11:15,1.23806E+18,I slept so good 😭,"i slept so good 😭
",sad
12/03/2020 11:15,1.23806E+18,what if... coronavirus... ruins the summer😔😔,"what if.. coronavirus.. ruins the summer😔😔
",sad
12/03/2020 11:15,1.23806E+18,day 1 : i miss san 😔,"day 1 : i miss san 😔
",sad
12/03/2020 11:14,1.23806E+18,Oh man. The entire Re*l M*drid team quarantined. Hope their kids are okay 😭,"oh man. the entire re*l m*did team quarantined. hope their kids are okay 😭
",sad
12/03/2020 11:14,1.23806E+18,"The NBA cancelled, schools being closed down but you telling me I gotta go to work. Are you kidding me?? I got some call of duty war zone to play but nooooo fuck my health right? It’s fine. I’ll just get sick and be in a bubble the rest of my life 😭","the na cancelled, schools being closed down but you telling me i gotta go to work. are you kidding me?? i got some call of duty war zone to play but noo fuck my health right? it’s fine. i’ll just get sick and be in a bubble the rest of my life 😭
",sad
12/03/2020 11:14,1.23806E+18,Dude crackhead Tik Tok videos make me sad. Like what happened to them? Life let them down 😔,"dude crackhead tie to videos make me sad. like what happened to them? life let them down 😔
",sad
12/03/2020 11:14,1.23806E+18,LOONA. 😭,"doona. 😭
",sad
12/03/2020 11:14,1.23806E+18,Brought me ice cream &amp; didn’t even know I was on my period ❤️😭,"brought me ice cream &amp; didn’t even know i was on my period ❤️😭
",sad
12/03/2020 11:14,1.23806E+18,I just coughed😭,"i just coughed😭
",sad
12/03/2020 11:14,1.23806E+18,my uber driver home was great i want to be friends 😭,"my user driver home was great i want to be friends 😭
",sad
12/03/2020 11:14,1.23806E+18,Dear patience is so good I have no words literally 😭,"dear patience is so good i have no words literally 😭
",sad
12/03/2020 11:14,1.23806E+18,Who's going to drive me to the hospital Mara 😔😒 everyone ain't available on that day nde mina I can't drive to Soweto ke palwa ke Mohlakeng,"who has / who is going to drive me to the hospital mara 😔😒 everyone are not available on that day nde mina i cannot drive to soweto he malwa he mohlakeng
",sad
12/03/2020 11:14,1.23806E+18,i am actually crying for loona i live them 😭😭,"i am actually crying for doona i live them 😭😭
",sad
12/03/2020 11:14,1.23806E+18,"Once again, Hakim has made his boss mad because he makes small mistakes, REPEATEDLY. 😭","once again, hakim has made his boss mad because he makes small mistakes, repeatedly. 😭
",sad
12/03/2020 11:14,1.23806E+18,Grabe first year pa lang as a fulltime. First year pa lang. 😔,"grave first year pa lang as a fulltime. first year pa lang. 😔
",sad
12/03/2020 11:14,1.23806E+18,I feel so dizzy 😭,"i feel so dizzy 😭
",sad
12/03/2020 11:14,1.23806E+18,I'm GONNA MUTE EVERYONEEE STOPDDFGH😭,"I am gonna mute everyone stopddfgh😭
",sad
12/03/2020 11:14,1.23806E+18,I gotta stop stalking in instagram stories😔,"i gotta stop stalking in instagram stories😔
",sad
12/03/2020 11:14,1.23806E+18,i want peace from all this 😭,"i want peace from all this 😭
",sad
12/03/2020 11:14,1.23806E+18,"When I be quiet an just looking, I really be thinking bout how I'll SHOOT All THIS SHIT UP!😭😂","when i be quiet an just looking, i really be thinking bout how i'll shoot all this shit up!😭😂
",sad
12/03/2020 11:14,1.23806E+18,i be doing everything in the morning except getting ready wtf😭,"i be doing everything in the morning except getting ready wtv😭
",sad
12/03/2020 11:14,1.23806E+18,"watching RM's vlive, reading yunho's letter on fancafe, yeosang's tweet.. oh goshh it's so painful 😭","watching rm's live, reading unto's letter on pancake, yeoman's tweet.. oh gosh it is so painful 😭
",sad
12/03/2020 11:14,1.23806E+18,I don’t think I’ve ever felt more exhausted in my life like I do right now.. Lord I need strength 😭,"i don’t think i’ve ever felt more exhausted in my life like i do right now.. lord i need strength 😭
",sad
12/03/2020 11:14,1.23806E+18,orbit oomfs stop dming me i have an acc just for loona im tweeting there😭😭 #LOONA1stWin,"orbit oofs stop doing me i have an acc just for doona im tweeting there😭😭 #doona1stain
",sad
12/03/2020 11:14,1.23806E+18,Tweet deleted because this Tom Hanks picture turned out to be from 2015. Sorry 😞,"tweet deleted because this tom hanks picture turned out to be from 2015. sorry 😞
",sad
12/03/2020 11:14,1.23806E+18,My luck with this album has been proper shite. Guess I have to wait until midnight 😔,"my luck with this album has been proper white. guess i have to wait until midnight 😔
",sad
12/03/2020 11:14,1.23806E+18,BLACK AND WHITE 😭🥺,"black and white 😭🥺
",sad
12/03/2020 11:14,1.23806E+18,i remember at the beginning of 2020..everybody was like “this gone be my year”..lmao look at y’all now talking about just cancel 2020 😭,"i remember at the beginning of 2020..everybody was like “this gone be my year”..lao look at y’all now talking about just cancel 2020 😭
",sad
12/03/2020 11:14,1.23806E+18,"The way Arsenal gets trolled on a daily basis neh...and now I'm here feeling sorry for Liverpool and praying they win the league before they cancel.
Its witchcraft 😂😭","the way arsenal gets trolled on a daily basis new..and now I am here feeling sorry for liverpool and praying they win the league before they cancel.
its witchcraft 😂😭
",sad
12/03/2020 11:14,1.23806E+18,"2020 really has been shit man and now all sport is about to be cancelled, can’t believe whats actually going on 😭😭","2020 really has been shit man and now all sport is about to be cancelled, can’t believe whats actually going on 😭😭
",sad
12/03/2020 11:14,1.23806E+18,"Everyone, pls be careful. these touts are moving mad.
I was robbed on tuesday night in VI, by 2 guys with a knife. took my phone and bag with everything inside, including my makeup 😭. it was a horrible experience and will not wish that on anyone. 
try not to go anywhere alone.","everyone, pus be careful. these touts are moving mad.
i was robbed on tuesday night in vi, by 2 guys with a knife. took my phone and bag with everything inside, including my makeup 😭. it was a horrible experience and will not wish that on anyone. 
try not to go anywhere alone.
",sad
12/03/2020 11:14,1.23806E+18,"I just realized that I love taking pics of girls. They are so pretty asdfghjkl I adore you, gurls 😭💓","i just realized that i love taking pics of girls. they are so pretty asdfghjkl i adore you, gurls 😭💓
",sad
12/03/2020 11:14,1.23806E+18,"AT HOME, HASEUL GETTING THE TROHPY AND THEY EAT THEIR CHICKEN AND 😭😭","at home, hazel getting the trophy and they eat their chicken and 😭😭
",sad
12/03/2020 11:14,1.23806E+18,Mfs be a 2 baby daddy bitch at 22 😭 y’all worse than niggas,"ms be a 2 baby daddy bitch at 22 😭 y’all worse than nights
",sad
12/03/2020 11:14,1.23806E+18,don't be annoyed im really gna dm each one of u 😭,"do not be annoyed im really na dm each one of u 😭
",sad
12/03/2020 11:14,1.23806E+18,"Oh dear! Who is this guy on morning joe right now?
Listening to him is like a combination of poetry and brilliance. 
I did not catch his name. 😞
To be able to include Thomas Hobbs and Panglossia in the same response, beautiful!","oh dear! who is this guy on morning joe right now?
listening to him is like a combination of poetry and brilliance. 
i did not catch his name. 😞
to be able to include thomas hobby and aglossia in the same response, beautiful!
",sad
12/03/2020 11:14,1.23806E+18,Really tryna get the fuck ASAP 😭,"really trypa get the fuck asap 😭
",sad
12/03/2020 11:14,1.23806E+18,Pray for us😔,"pray for us😔
",sad
12/03/2020 11:14,1.23806E+18,"i got a boatload of really nice ao3 comments in the last 2 weeks that i haven’t had a chance to reply to bc i’m in deadline hell, but ... soon ... 😭 they got me through the worst of it","i got a boatload of really nice ao3 comments in the last 2 weeks that i haven’t had a chance to reply to bc i’m in deadline hell, but .. soon .. 😭 they got me through the worst of it
",sad
12/03/2020 11:14,1.23806E+18,How did I become inactive on this platform😔,"how did i become inactive on this platform😔
",sad
12/03/2020 11:14,1.23806E+18,I’m flying to Auckland to see MCR if they postpone there show I’m literally fucked 😭,"i’m flying to auckland to see mr if they postpone there show i’m literally fucked 😭
",sad
