2020-03-12 11:05:33,1238058541887315969,I never give in to fear when fear is caused by public hysteria. My life will go on even with the Corona Virus. #fear #faith,"i never give in to fear when fear is caused by public hysteria. my life will go on even with the corona virus. #fear #faith
",fear
2020-03-12 11:05:03,1238058419598372864,You have all been sold the disease of #FEAR,"you have all been sold the disease of #fear
",fear
2020-03-12 11:01:32,1238057531014029312,"12/ “'Nobody knows what’s going to happen,' he said. 'All we know is that the longer we’re in this state of #anxiety, the more damage it’s going to inflict on the fabric of our #community.'”","12/ “'nobody knows what’s going to happen,' he said. 'all we know is that the longer we’re in this state of #anxiety, the more damage it’s going to inflict on the fabric of our #community.'”
",fear
2020-03-12 11:01:31,1238057528950431745,"10/ ""Compounding the #anxiety: No one has any idea how long this will last, or how bad it might get.""","10/ ""compounding the #anxiety: no one has any idea how long this will last, or how bad it might get.""
",fear
2020-03-12 11:01:27,1238057513628717060,Good Morning peeps. Do I have t walk?? I need some #workoutmotivation today. All the news is giving me is #anxiety:(,"good morning peeps. do i have t walk?? i need some #workoutmotivation today. all the news is giving me is #anxiety:(
",fear
2020-03-12 11:01:08,1238057432573673477,Having new windows put in today. Lasted two hours but got overwhelmed so had to leave. 😬 #anxiety,"having new windows put in today. lasted two hours but got overwhelmed so had to leave. 😬 #anxiety
",fear
2020-03-12 10:57:27,1238056503967432704,"Mark my words. Come  November, if Trump loses he won't leave. #scary","mark my words. come  november, if trump loses he will not leave. #scary
",fear
2020-03-12 10:51:42,1238055059100962818,And guess what.....your fling for it....HOOK LINE AND SINKER! #CORNAVIRUS IS A DAYUM LIE!!!! SD TOO YOU BY #FEAR THRU THE MOUTHPIECE OF FAKE NEWS BY THE DAYUM MEDIA!!!! AND SOCIAL NETWORKS!!! ITS ALL A DAYUM LIE!,"and guess what..your fling for it..hook line and sinker! #coronavirus is a davyum lie!! sd too you by #fear thru the mouthpiece of fake news by the davyum media!! and social networks!! its all a davyum lie!
",fear
2020-03-12 10:48:51,1238054339387764737,"Control of the masses.....using #FEAR
THATS THEIR NEW PANDEMIC....TOO CONTROL THE MASSES WORLWIDE!
HENCE THE NEW WORLD ORDER!!!","control of the masses..using #fear
thats their new pandemic..too control the masses worldwide!
hence the new world order!!
",fear
2020-03-12 10:46:42,1238053800541380608,Fact: the real disease sold by the MEDIA.....IS #FEAR! FACT!!!!,"fact: the real disease sold by the media..is #fear! fact!!
",fear
2020-03-12 10:44:44,1238053305001091072,"I know it’s dumb and irrational and I’m just succumbing to a peculiar cultural phenomenon and global panic, but because of tomorrow’s Friday the 13th, I’m experiencing major #friggatriskaidekaphobia. Stupid #anxiety.","i know it’s dumb and irrational and i’m just succumbing to a peculiar cultural phenomenon and global panic, but because of tomorrow’s friday the 13th, i’m experiencing major #friggatriskaidekaphobia. stupid #anxiety.
",fear
2020-03-12 10:35:42,1238051032623714306,"Yesterday I made a list of things I have to do, articles I have to read, pieces I have to write, deadlines and everything in between. Now, dear #anxiety would you please leave me alone so I can actually do what I planned? #struggles","yesterday i made a list of things i have to do, articles i have to read, pieces i have to write, deadlines and everything in between. now, dear #anxiety would you please leave me alone so i can actually do what i planned? #struggles
",fear
2020-03-12 10:31:11,1238049893056499715,"Sadly, the #fear that motivates people isn't the fear of GOD...

#2Chronicles714","sadly, the #fear that motivates people is not the fear of god..

#2chronicles714
",fear
2020-03-12 10:28:30,1238049220575350784,"“Your mental health is more important than the test, the interview, the lunch date, the meeting, the family dinner, and the grocery-run. Take care of yourself.”
#depression #anxiety","“your mental health is more important than the test, the interview, the lunch date, the meeting, the family dinner, and the grocery-run. take care of yourself.”
#depression #anxiety
",fear
2020-03-12 10:16:24,1238046175556763648,"Stop tryin’ to do anything at all with your negative thoughts. Notice them, say hello, then leave them at the door. 🙏🏻

#anxiety","stop trying’ to do anything at all with your negative thoughts. notice them, say hello, then leave them at the door. 🙏🏻

#anxiety
",fear
2020-03-12 10:15:00,1238045823402938368,"Make a meal of your #anxiety! You cant expect to beat your anxiety by eating a salad, but there are foods that can either help or hinder feelings of worry. Anxiety BUSTERS: greens, avo, yoghurt, berries, nuts. Anxiety BOOSTERS: alcohol, caffeine, diet drinks, refined carbs, sugar","make a meal of your #anxiety! you cant expect to beat your anxiety by eating a salad, but there are foods that can either help or hinder feelings of worry. anxiety busters: greens, avo, yoghurt, berries, nuts. anxiety boosters: alcohol, caffeine, diet drinks, refined carbs, sugar
",fear
2020-03-12 10:07:21,1238043897814757377,"Am I the only one feeling like keeping #anxiety at bay at times like this is a waste of time? It's taking a lot for me not to pull my daughter out of nursery, not to work, not to spend the whole day washing my hands and disinfecting every single thing in the house.","am i the only one feeling like keeping #anxiety at bay at times like this is a waste of time? it is taking a lot for me not to pull my daughter out of nursery, not to work, not to spend the whole day washing my hands and disinfecting every single thing in the house.
",fear
2020-03-12 10:03:03,1238042814908452864,"I come to the UK because I feel so calm and relaxed, compared to the US and I'm feeling so much #anxiety and frustration over this #coronavirus","i come to the uk because i feel so calm and relaxed, compared to the us and I am feeling so much #anxiety and frustration over this #coronavirus
",fear
2020-03-12 09:55:04,1238040805773848576,"""Hope and fear are phantoms that arise from thinking of the self. When we don't see the self as self, what do we have to fear?""
     — Lao Tzu, Tao Te Ching
|
|
#selflessness #fear","""hope and fear are phantoms that arise from thinking of the self. when we do not see the self as self, what do we have to fear?""
  — lao tu, tao te ching
|
|
#selflessness #fear
",fear
2020-03-12 09:45:05,1238038294987972608,How do we cope with #anxiety with #coronavirus going on..... I’m literally freaking out inside,"how do we cope with #anxiety with #coronavirus going on.. i’m literally freaking out inside
",fear
2020-03-12 09:24:30,1238033114900774912,Again 3:23 AM here in Mexico and having bad #anxiety,"again 3:23 am here in mexico and having bad #anxiety
",fear
2020-03-12 09:15:09,1238030759014907904,"After 8 yrs of living away my family, my moving day, which has been scheduled for 2 months, is today. The day after people with severe #anxiety like me have decided temporarily live in bunkers. 😐","after 8 yrs of living away my family, my moving day, which has been scheduled for 2 months, is today. the day after people with severe #anxiety like me have decided temporarily live in bunkers. 😐
",fear
2020-03-12 09:06:16,1238028526655361026,"Do you sometimes wake up wondering why you didn’t die in your sleep?

#LivingWithDepression 
#Anxiety","do you sometimes wake up wondering why you didn’t die in your sleep?

#livingwithdepression 
#anxiety
",fear
2020-03-12 08:52:11,1238024981176561665,How would it be if you had to take drugs just to keep the voices out of your head? #Anxiety,"how would it be if you had to take drugs just to keep the voices out of your head? #anxiety
",fear
2020-03-12 08:39:30,1238021788698841089,"School is online, work is online, and Now I will be moving my friendships online too. Its not only acceptable but also encouraged. We can finally live the dream of virtual reality and no therapist will have an opinion against on avoiding people #Veteran with #anxiety winning","school is online, work is online, and now i will be moving my friendships online too. its not only acceptable but also encouraged. we can finally live the dream of virtual reality and no therapist will have an opinion against on avoiding people #veteran with #anxiety winning
",fear
2020-03-12 08:37:33,1238021299827437570,"We're fighting for a place, That we can call home, Looking for a way, Not to be alone #Fear #LeaveOutAllTheRestDemo","we are fighting for a place, that we can call home, looking for a way, not to be alone #fear #leaveoutalltherestdemo
",fear
2020-03-12 07:59:38,1238011755109822464,So this #CoronaVirus thing has a lot of people super anxious and unable to sleep.  Michael Sealy hypnosis channel on YouTube. #Anxiety THE BEST! A few nights of use and his voice knocks me right out!,"so this #coronavirus thing has a lot of people super anxious and unable to sleep.  michael sealy hypnosis channel on couture. #anxiety the best! a few nights of use and his voice knocks me right out!
",fear
2020-03-12 07:54:40,1238010506205634560,"Hay una esperanza que te espera en la oscuridad. 
Theres's a hope that's waiting for you in The dark. 
#MentalHealth #Anxiety","hay una esperance que te essera en la oscuridad. 
theres's a hope that is waiting for you in the dark. 
#mentalhealth #anxiety
",fear
2020-03-12 07:49:09,1238009118025289729,"Joke's on COVID-19. I've been self-isolating for years! #depression #anxiety

😩","joke's on covid-19. i've been self-isolating for years! #depression #anxiety

😩
",fear
2020-03-12 07:35:50,1238005765098614784,"With drastic measures taken by the governments of Italy and the US , it appears we are witnessing the beginning of a significant shut down of the global supply chain. #scary #COVID19","with drastic measures taken by the governments of italy and the us , it appears we are witnessing the beginning of a significant shut down of the global supply chain. #scary #covid19
",fear
2020-03-12 07:33:32,1238005189186973696,#Fear Search For Joy: People get stuck looking for problems and forget to live life joyfully.,"#fear search for joy: people get stuck looking for problems and forget to live life joyfully.
",fear
2020-03-12 07:28:18,1238003870942392320,🖕 going out... last week almost a fist fight with someone...this week my dad is now in the ER on the way to the ICU for an ailment they cant figure out yet...but made him code out once and now have a tube keeping him going.... and only 2 times going out in YEARS!!! #ANXIETY #WTF,"🖕 going out.. last week almost a fist fight with someone..this week my dad is now in the er on the way to the ice for an ailment they cant figure out yet..but made him code out once and now have a tube keeping him going.. and only 2 times going out in years!! #anxiety #wtv
",fear
2020-03-12 07:24:56,1238003023994998786,"Anxiety has me. 
#chronicillness #anxiety","anxiety has me. 
#chronicillness #anxiety
",fear
2020-03-12 07:19:29,1238001653162430466,"We thought the same! He is 12, he shouldn't have to be worrying about where he is sleeping next, he should have his #anxiety bird with him, he should have his books, games and toys. He should feel safe. I'm so scared that I will loose my children. Please Allow us home.","we thought the same! he is 12, he should not have to be worrying about where he is sleeping next, he should have his #anxiety bird with him, he should have his books, games and toys. he should feel safe. I am so scared that i will loose my children. please allow us home.
",fear
2020-03-12 07:12:41,1237999941366231040,"You are not your mind. You can notice the thoughts in your head &amp; then let them go. They may knock for a bit, but that’s okay. You can notice the knocking, just don’t answer the door. 🧠 

#anxiety #thoughts","you are not your mind. you can notice the thoughts in your head &amp; then let them go. they may knock for a bit, but that’s okay. you can notice the knocking, just don’t answer the door. 🧠 

#anxiety #thoughts
",fear
2020-03-12 06:30:35,1237989347841970176,“2020 will be different..” yeah and so it is.. different. #scary,"“2020 will be different..” yeah and so it is.. different. #scary
",fear
2020-03-12 06:23:11,1237987485109702656,"I could tell you what I'm thinking, I just don't know how to say it. 

Maybe I get on your nerves. 

I mean what I'm saying. 

#anxiety #adhd","i could tell you what I am thinking, i just do not know how to say it. 

maybe i get on your nerves. 

i mean what I am saying. 

#anxiety #add
",fear
2020-03-12 06:00:04,1237981665286332416,"Praise and disgrace cause fear.
     —  Laozi, #TaoTeChing, Ch. 13

#fear","praise and disgrace cause fear.
  —  laozi, #taoteching, ch. 13

#fear
",fear
2020-03-12 05:57:19,1237980973960253440,Hello can’t sleep cuz of #anxiety,"hello can’t sleep cuz of #anxiety
",fear
2020-03-12 05:52:14,1237979695905263616,I have the besg conversations with people when I am in my shower alone and they are all hypothetical conversations. #overthinker #anxiety,"i have the best conversations with people when i am in my shower alone and they are all hypothetical conversations. #overthinks #anxiety
",fear
2020-03-12 05:36:12,1237975658086772736,Season 4 Randall is breaking my heart and triggering me weekly. #ThisIsUs #anxiety,"season 4 randall is breaking my heart and triggering me weekly. #thiasus #anxiety
",fear
2020-03-12 05:23:58,1237972580696387584,#REDSUN: outside ours! I'm too old to live in #Fear it is what it is.,"#resun: outside ours! I am too old to live in #fear it is what it is.
",fear
2020-03-12 05:21:42,1237972012062126083,"I feel like people are finally understanding what it’s like to live with #anxiety yet I’m now seen as the calm one in the room not freaking out. Welcome to my everyday thoughts of doom and gloom, kids.","i feel like people are finally understanding what it’s like to live with #anxiety yet i’m now seen as the calm one in the room not freaking out. welcome to my everyday thoughts of doom and gloom, kids.
",fear
2020-03-12 05:17:15,1237970891587203072,Game got canceled outta #Fear of #REDSUN buckets! Word must be getting around the league. The bunnies is bouncy! The cross is ferocious &amp; the defense is staught!!!,"game got canceled outta #fear of #resun buckets! word must be getting around the league. the bunnies is bouncy! the cross is ferocious &amp; the defense is taught!!
",fear
2020-03-12 05:14:25,1237970178283110400,Man what a cool day to be in Florida and away from my family. #anxiety,"man what a cool day to be in florida and away from my family. #anxiety
",fear
2020-03-12 04:51:49,1237964492434178048,"Fellow white #horror writers, can we stop treating #Vodou as a Spooky Scary Superstition that only exists to introduce supernatural threats, as opposed to a real, living religion with lots of followers?","fellow white #horror writers, can we stop treating #vodou as a spooky scary superstition that only exists to introduce supernatural threats, as opposed to a real, living religion with lots of followers?
",fear
2020-03-12 04:49:09,1237963819021930496,ther e is a walking #walking dead two walking dead #fear the wa;king dead this is own,"the e is a walking #walking dead two walking dead #fear the wa;king dead this is own
",fear
2020-03-12 04:48:48,1237963732443172865,My heart rate is so abnormal it feels like it’s in my stomach. #anxiety #insomnia,"my heart rate is so abnormal it feels like it’s in my stomach. #anxiety #insomnia
",fear
2020-03-12 04:44:30,1237962650488881153,"2020 so far...

1. World War 3 rumors
2. Corona Virus
3. Kobe Bryant's death
4. Asteroid discovered heading towards earth
6. The NBA Season is canceled

#Fear prop·a·gan·da","2020 so far..

1. world war 3 rumors
2. corona virus
3. robe bryan's death
4. asteroid discovered heading towards earth
6. the na season is canceled

#fear prop·a·gan·da
",fear
2020-03-12 04:31:15,1237959313676595200,"#anxiety is wild, like, the other day I baked enough sweets to feed twenty people, and today I spent $80 on belts.

I dont even have $80 Susan omg","#anxiety is wild, like, the other day i baked enough sweets to feed twenty people, and today i spent $80 on belts.

i dont even have $80 susan org
",fear
2020-03-12 04:30:50,1237959210517901312,How do you ground yourself when you start to have anxiety? I am finding loud noises and sudden movements to really trigger me now and am having a hard time grounding myself. #PTSD #Anxiety,"how do you ground yourself when you start to have anxiety? i am finding loud noises and sudden movements to really trigger me now and am having a hard time grounding myself. #ptsd #anxiety
",fear
2020-03-12 04:28:41,1237958668198559745,It's possible that I may need to limit my time on social media in the immediate future. I doubt I'll leave completely but I may need to cut back because #fear is the biggest emotion I deal with due to #ptsd so the current news and concerns related to the corona virus are starting,"it is possible that i may need to limit my time on social media in the immediate future. i doubt i'll leave completely but i may need to cut back because #fear is the biggest emotion i deal with due to #ptsd so the current news and concerns related to the corona virus are starting
",fear
2020-03-12 04:23:51,1237957454190780419,I’m 72 with asthma. I’m “one of those” high risk. I ask myself if this is going to be “my time”. I wonder if I’ll have a respirator or oxygen if the time comes or will I just be a statistic in TN. #scary,"i’m 72 with asthma. i’m “one of those” high risk. i ask myself if this is going to be “my time”. i wonder if i’ll have a respirator or oxygen if the time comes or will i just be a statistic in tn. #scary
",fear
2020-03-12 04:21:54,1237956961250893824,My #anxiety is killing me. 😣😢,"my #anxiety is killing me. 😣😢
",fear
2020-03-12 04:21:05,1237956756136800257,"Wanna know what's more contagious than COVID19?

#Fear","wanna know what has / what is more contagious than covid19?

#fear
",fear
2020-03-12 04:20:08,1237956515400519681,"#indiedev
Advice thread for indie #horror developers, and hypothetical scenes:
1) Being somewhere like a balcony / boat when suddenly a ghost / zombie etc. comes crawling over the edge.
2) A window suddenly being yanked open by wind, and a ghost etc. is floating outside.
(1/18)","#indiadem
advice thread for indie #horror developers, and hypothetical scenes:
1) being somewhere like a balcony / boat when suddenly a ghost / zombie etc. comes crawling over the edge.
2) a window suddenly being yanked open by wind, and a ghost etc. is floating outside.
(1/18)
",fear
2020-03-12 04:11:18,1237954294369918976,"Y'all know what?? I just thought about something even WORSE... this person who doesn't believe in hand washing preventing the spread of a serious virus, also works in the food service industry. 😳 #Scary","you all know what?? i just thought about something even worse.. this person who does not believe in hand washing preventing the spread of a serious virus, also works in the food service industry. 😳 #scary
",fear
2020-03-12 04:09:29,1237953835902963713,I fucking hate watching penalty shots #Anxiety #GoAvsGo,"i fucking hate watching penalty shots #anxiety #goavsgo
",fear
2020-03-12 04:07:43,1237953394402189313,Glad the stigma about #Anxiety seems to be subsiding. Sucks it takes a #pandemic to do that.,"glad the stigma about #anxiety seems to be subsiding. sucks it takes a #pandemic to do that.
",fear
2020-03-12 04:05:54,1237952935054594054,"At this point, my anxiety is making me feel sick. I’m so worried that I caught something on my trip to South Carolina that I can’t tell if I’m actually feeling bad or if it’s my anxiety making me feel this way. #anxiety #coronavirus","at this point, my anxiety is making me feel sick. i’m so worried that i caught something on my trip to south carolina that i can’t tell if i’m actually feeling bad or if it’s my anxiety making me feel this way. #anxiety #coronavirus
",fear
2020-03-12 03:57:51,1237950908484456448,"Do we have an over under betting pool yet on when #horror movies based on what's happening right now start coming out? 

Two years?","do we have an over under betting pool yet on when #horror movies based on what has / what is happening right now start coming out? 

two years?
",fear
2020-03-12 03:53:17,1237949759404597250,Be prepared to not have PGA Tour events to watch soon. The dominos are falling quickly! #crazy #scary,"be prepared to not have pea tour events to watch soon. the dominos are falling quickly! #crazy #scary
",fear
2020-03-12 03:46:51,1237948141351178241,"Ok. I am tough but I am worried about societal chaos and shutdowns and ?!? My workplaces are still open. My hands are dry from washing. I worry about the vulnerable. So much sh*t is gathering together to be a bit much lately. Please lighten up, world. #librarylife #anxiety","ok. i am tough but i am worried about societal chaos and shutdowns and ?!? my workplaces are still open. my hands are dry from washing. i worry about the vulnerable. so much sh*t is gathering together to be a bit much lately. please lighten up, world. #librarylife #anxiety
",fear
2020-03-12 03:45:09,1237947714421190657,The #daily routine is about to change #scary,"the #daily routine is about to change #scary
",fear
2020-03-12 03:44:36,1237947573261848577,"Tonight's #horror: Incident in a Ghostland. More torture than I like, but good overall. Amazing make-up effects.","tonight's #horror: incident in a ghostland. more torture than i like, but good overall. amazing make-up effects.
",fear
2020-03-12 03:39:02,1237946174746832897,Add Monster-Mania to ever growing list of things cancelled. It's think it's the first #horror con to do so. I expect more to follow...,"add monster-mania to ever growing list of things cancelled. it is think it is the first #horror con to do so. i expect more to follow..
",fear
2020-03-12 03:37:49,1237945866226241536,"Thanks for crafting the wrong spells #horror fam. Have a good night ❤😘
#FrightClub","thanks for crafting the wrong spells #horror fam. have a good night ❤😘
#nightclub
",fear
2020-03-12 03:31:47,1237944350107209729,I failed getting traction editing tonight. I blame my absolutely topped out generalized anxiety re: the 26 hour news/doom cycle. Here’s hoping sleep resets my center #anxiety sucks,"i failed getting traction editing tonight. i blame my absolutely topped out generalized anxiety re: the 26 hour news/doom cycle. here’s hoping sleep resets my center #anxiety sucks
",fear
2020-03-12 03:30:13,1237943953296687104,I got some writing done tonight. I have a feeling I'll be doing a lot of writing and reading in the coming weeks. About 22K words complete on Blood Vengeance #WritingCommunity #horror,"i got some writing done tonight. i have a feeling i'll be doing a lot of writing and reading in the coming weeks. about 22k words complete on blood vengeance #writingcommunity #horror
",fear
2020-03-12 03:22:39,1237942049929719808,"In the family group text tonight I learned my great-grandfather died in the Spanish Flu epidemic in 1918. Both he and his wife were sick. Wife was left with eight children to raise. Oldest child was my grandfather, 16. Makes the #CoronavirusPandemic that much more real. #anxiety","in the family group text tonight i learned my great-grandfather died in the spanish flu epidemic in 1918. both he and his wife were sick. wife was left with eight children to raise. oldest child was my grandfather, 16. makes the #coronaviruspandemic that much more real. #anxiety
",fear
2020-03-12 03:22:39,1237942049896378370,"Meditation, breathing yoga are two powerful tools to reduce #stress and #anxiety at this critical time.","meditation, breathing yoga are two powerful tools to reduce #stress and #anxiety at this critical time.
",fear
2020-03-12 03:11:28,1237939234935209986,I wonder if my lifelong anxiety was just training for living sensibly in the virus times. #Anxiety,"i wonder if my lifelong anxiety was just training for living sensibly in the virus times. #anxiety
",fear
2020-03-12 03:10:10,1237938908962455552,I want someone famous to read my books yet I don't because I'm sure I'd make a fool of myself 😂 #anxiety #amwriting,"i want someone famous to read my books yet i do not because I am sure i'd make a fool of myself 😂 #anxiety #writing
",fear
2020-03-12 03:09:47,1237938814116651010,We'll see in the coming years if I should've stayed concerned about my corporate career path 😴 #anxiety,"we will see in the coming years if i should have stayed concerned about my corporate career path 😴 #anxiety
",fear
2020-03-12 03:01:01,1237936608072122368,#scary hours,"#scary hours
",fear
2020-03-12 02:56:17,1237935415153360898,Anyone else have extremely high #anxiety today? And on the brink of losing their shit?? No? Just me? Ok.,"anyone else have extremely high #anxiety today? and on the brink of losing their shit?? no? just me? ok.
",fear
2020-03-12 02:53:55,1237934821747220480,The amount of #grief &amp; loss I've experienced has given me #anxiety and made me hypersensitive to any experiences that make me feel like I may suffer more. I'm a woman of solutions but this is one idk how to solve.,"the amount of #grief &amp; loss i've experienced has given me #anxiety and made me hypersensitive to any experiences that make me feel like i may suffer more. I am a woman of solutions but this is one ink how to solve.
",fear
2020-03-12 02:51:23,1237934183093121026,The World Is Living In #Fear,"the world is living in #fear
",fear
2020-03-12 02:51:03,1237934100100591618,Well my #anxiety went from “don’t freak out. Wash your hands. You’ll be fine.” To “oh fuck! Do I have it? Have I been exposed? Why does my throat feel weird?” #coronavirus,"well my #anxiety went from “don’t freak out. wash your hands. you’ll be fine.” to “oh fuck! do i have it? have i been exposed? why does my throat feel weird?” #coronavirus
",fear
2020-03-12 02:48:39,1237933493784588295,When the interest rates are low so you contemplate buying a house but then you get a sore throat during the Coronavirus pandemic. So you think I can’t be buying a house if I have it and die!” #Anxiety,"when the interest rates are low so you contemplate buying a house but then you get a sore throat during the coronavirus pandemic. so you think i can’t be buying a house if i have it and die!” #anxiety
",fear
2020-03-12 02:42:15,1237931882408316930,The unusual position I now find myself in is that I have so much practice and experience in living with distress/anxiety that I have so many #selfcare strategies and tools that will help at my disposal! Perhaps more so than someone experiencing #anxiety for the first time!,"the unusual position i now find myself in is that i have so much practice and experience in living with distress/anxiety that i have so many #welfare strategies and tools that will help at my disposal! perhaps more so than someone experiencing #anxiety for the first time!
",fear
2020-03-12 02:27:44,1237928230209949697,"Saw a guy today at #Roc Chipotle with a QAnon symbol on the back of his cell phone and I couldn’t believe he would just broadcast his crazy like that.

#Scary","saw a guy today at #roc chipotle with a canon symbol on the back of his cell phone and i couldn’t believe he would just broadcast his crazy like that.

#scary
",fear
2020-03-12 02:19:51,1237926247944130560,"Has anyone seen Leatherface 2017? If so, any good? #horror","has anyone seen leatherware 2017? if so, any good? #horror
",fear
2020-03-12 02:18:57,1237926018981101568,"What horror movie should I watch tonight?
#horror #FilmTwitter","what horror movie should i watch tonight?
#horror #filmtwitter
",fear
2020-03-12 02:15:29,1237925149547974656,"My #anxiety is through the roof right now and it’s moments like these, with so many unknowns, that I am reminded how alone I actually am.  #coronavirus can suck it 😕","my #anxiety is through the roof right now and it’s moments like these, with so many unknowns, that i am reminded how alone i actually am.  #coronavirus can suck it 😕
",fear
2020-03-12 02:11:21,1237924109599805440,&lt;googling to see if I can safely take 2 lexapro&gt;. #anxiety #hardtimes,"&lt;googling to see if i can safely take 2 lexapro&gt;. #anxiety #wartimes
",fear
2020-03-12 02:07:09,1237923049556652037,"Xanax manufacturers, please hit the turbo button! #anxiety","xanax manufacturers, please hit the turbo button! #anxiety
",fear
2020-03-12 02:01:15,1237921566874353664,"I’m actually scared to visit my elderly parents , they’re in their 80s . I’m not visiting them anytime soon , unless they need my help, thank god they live in the burbs away from #NYC #scary","i’m actually scared to visit my elderly parents , they’re in their 80s . i’m not visiting them anytime soon , unless they need my help, thank god they live in the burbs away from #ny #scary
",fear
2020-03-12 02:00:44,1237921434384478209,Finally.. people with #anxiety disorders can use it as the evolutionary superpower it is meant to be. The whistle-blower and anxious minds are the ones who have a higher chance of surviving because they take no chances.,"finally.. people with #anxiety disorders can use it as the evolutionary superpower it is meant to be. the whistle-blower and anxious minds are the ones who have a higher chance of surviving because they take no chances.
",fear
2020-03-12 01:56:03,1237920255927881730,Lolol with all this corona virus shit I am glad I ordered a shit load of CBD yesterday because I’m about to be needing that shit. #Anxiety,"lolo with all this corona virus shit i am glad i ordered a shit load of cod yesterday because i’m about to be needing that shit. #anxiety
",fear
2020-03-12 01:52:25,1237919344526573568,#Fear is a LIAR!! #coronavirus,"#fear is a liar!! #coronavirus
",fear
2020-03-12 01:50:40,1237918901096366080,"Well, I felt rightfully concerned but not panicked earlier today...now I’m setting a reminder to call my pcp for a Valium prescription. #anxiety #covid19","well, i felt rightfully concerned but not panicked earlier today..now i’m setting a reminder to call my pcp for a valium prescription. #anxiety #covid19
",fear
2020-03-12 01:36:34,1237915356489867264,I think ima get the virus by not being able to watch sports. #Anxiety,"i think ma get the virus by not being able to watch sports. #anxiety
",fear
2020-03-12 01:28:50,1237913406507753474,"Q4: Most terrifying doll from a #horror movie:

#AMCWTC","q4: most terrifying doll from a #horror movie:

#amowt
",fear
2020-03-12 01:09:42,1237908591937388546,"Thank god for alcohol. That's literally all I have to say at this point.
#Anxiety #CoronavirusOutbreak","thank god for alcohol. that is literally all i have to say at this point.
#anxiety #coronavirusoutbreak
",fear
2020-03-12 00:56:43,1237905326856437760,"I dont have fans,just victims.
#horror","i dont have fans,just victims.
#horror
",fear
2020-03-12 00:49:42,1237903558655311872,It’s weird how much I am “coming out of my shell” still at 32. But I was bullied so much by “friends” and family as a teen I hid a lot of my true likes and things I wanted to do/try for all of my teens and most my twenties. If only #anxiety could fuck off that’d be great....,"it’s weird how much i am “coming out of my shell” still at 32. but i was bullied so much by “friends” and family as a teen i hid a lot of my true likes and things i wanted to do/try for all of my teens and most my twenties. if only #anxiety could fuck off that’d be great..
",fear
2020-03-12 00:31:17,1237898924666454022,"People w/#anxiety: Do you notice that you get calm when everyone else is freaking out? I do. It's like FINALLY everyone else is worried so I don't have to be? My grandma who raised me was similar, channeled it into being an EMT b/c she was ultracalm in emergencies. So am I.","people w/#anxiety: do you notice that you get calm when everyone else is freaking out? i do. it is like finally everyone else is worried so i do not have to be? my grandma who raised me was similar, channeled it into being an met b/c she was ultracold in emergencies. so am i.
",fear
2020-03-12 00:29:01,1237898355914584064,"Best thing I did for my own personal #anxiety about #COVID19, conference cancellations, switching to online delivery was getting offline for a bit and going for a quick run.","best thing i did for my own personal #anxiety about #covid19, conference cancellations, switching to online delivery was getting offline for a bit and going for a quick run.
",fear
2020-03-12 00:18:16,1237895647551868935,"""Feel your #fear. Then pass through it to the other side, where your #destiny awaits."" - Mark David Gerson","""feel your #fear. then pass through it to the other side, where your #destiny awaits."" - mark david person
",fear
2020-03-12 00:14:47,1237894771638599683,Got medicine for depression and anxiety #depression #Anxiety,"got medicine for depression and anxiety #depression #anxiety
",fear
2020-03-12 00:05:25,1237892416708870144,Fav pastime: breaking down at work over the smallest thing #anxiety,"far pastime: breaking down at work over the smallest thing #anxiety
",fear
2020-03-11 23:52:01,1237889045495078912,#HorrorFamily do you consider movies like Frailty and Identity part of the #Horror genre?,"#horrorfamily do you consider movies like frailty and identity part of the #horror genre?
",fear
2020-03-11 23:48:41,1237888205384323077,"So far in the freelance life, my anxiety is down and my confidence is up. Anyone else have this experience? #freelancelife #anxiety","so far in the freelance life, my anxiety is down and my confidence is up. anyone else have this experience? #freelancelife #anxiety
",fear
2020-03-11 23:45:31,1237887406486851587,Watched Midsomer on Amazon. Fantastic stuff.  #horror,"watched midsummer on amazon. fantastic stuff.  #horror
",fear
2020-03-11 23:24:38,1237882154308141056,"Torn on whether to see #TheHunt in theaters or wait. On one hand, I’m always intrigued by “humans hunting humans” movies. However, it looks like I’ve seen these things before and the marketing team has been trying WAY too hard to push it as a controversial film 🤔 #horror","torn on whether to see #thehunt in theaters or wait. on one hand, i’m always intrigued by “humans hunting humans” movies. however, it looks like i’ve seen these things before and the marketing team has been trying way too hard to push it as a controversial film 🤔 #horror
",fear
2020-03-11 23:23:48,1237881940784496640,"is it ok if people just let me have anxiety and not try to explain it to me? I have around 20 years of experience, babe #anxiety #mentalhealth","is it ok if people just let me have anxiety and not try to explain it to me? i have around 20 years of experience, babe #anxiety #mentalhealth
",fear
2020-03-11 23:05:30,1237877339024809994,considering cutting about my work with vinyl gloves and a mask on. #fear,"considering cutting about my work with vinyl gloves and a mask on. #fear
",fear
2020-03-11 22:57:26,1237875305320071169,"Cool thing about having an #anxiety disorder with everything shutting down is that is I already have a full stockpile of supplies (snacks, hoodies, fleeces etc.) at home for avoiding avoiding the world","cool thing about having an #anxiety disorder with everything shutting down is that is i already have a full stockpile of supplies (snacks, hoodies, fleeces etc.) at home for avoiding avoiding the world
",fear
2020-03-11 22:45:13,1237872233462169607,Sometimes we just need a shoulder to cry on. Check on somene today. #anxiety,"sometimes we just need a shoulder to cry on. check on someone today. #anxiety
",fear
2020-03-11 22:43:46,1237871867181985792,I don’t suffer from anxiety/panic attacks but have to say the anxiety and panic is rising in me. However to those who do suffer from #anxiety and the rest please take care of yourselves and if that means getting off social media and turning off the news please do it. #COVID19,"i don’t suffer from anxiety/panic attacks but have to say the anxiety and panic is rising in me. however to those who do suffer from #anxiety and the rest please take care of yourselves and if that means getting off social media and turning off the news please do it. #covid19
",fear
2020-03-11 22:20:04,1237865902344777730,Can we talk about how this is affecting people with anxiety 😫😳#anxiety #coronavirus,"can we talk about how this is affecting people with anxiety 😫😳#anxiety #coronavirus
",fear
2020-03-11 22:09:02,1237863128894930944,"If you have #anxiety, and you are a small business owner, what are some coping mechanisms that you use when it seems to get too much?","if you have #anxiety, and you are a small business owner, what are some coping mechanisms that you use when it seems to get too much?
",fear
2020-03-11 22:03:55,1237861837284098050,"Anyone else with #anxiety disorder have to reach ""peak fear"" before getting to that ""keep calm and carry on"" mentality? I feel like I'm close with #COVID19. How y'all doin?","anyone else with #anxiety disorder have to reach ""peak fear"" before getting to that ""keep calm and carry on"" mentality? i feel like I am close with #covid19. how you all down?
",fear
2020-03-11 22:03:12,1237861657579114496,"Just heard a cam girl on MFC call the brain a pink ball of anxiety. Never has a statement been so true.
#mfc #Anxiety","just heard a cam girl on mac call the brain a pink ball of anxiety. never has a statement been so true.
#mac #anxiety
",fear
2020-03-11 21:35:45,1237854750629982209,"Anxiety is getting the best of me in the past few days,its a constant struggle to keep it under control.
It's like this monster within trying to take over.
A million butterflies flying around in my chest.
#anxiety #Help 
Not something I normally share it's just awful.","anxiety is getting the best of me in the past few days,its a constant struggle to keep it under control.
it is like this monster within trying to take over.
a million butterflies flying around in my chest.
#anxiety #help 
not something i normally share it is just awful.
",fear
2020-03-11 21:26:37,1237852451367075842,"Double dose ativan stat. 

#Anxiety","double dose divan stat. 

#anxiety
",fear
2020-03-11 21:01:34,1237846147168788481,What is your favorite Horror movie on Netflix? #horror,"what is your favorite horror movie on netflix? #horror
",fear
2020-03-11 20:52:08,1237843773800902656,"Comes to something, when you're there for other people, but noone is there for you, when you need that support 🥺🥺  Makes everything feel so much worse #Anxiety #ItsOkNotToBeOk","comes to something, when you are there for other people, but none is there for you, when you need that support 🥺🥺  makes everything feel so much worse #anxiety #itsoknottobeok
",fear
2020-03-11 20:45:14,1237842036583104523,It's great to know that I have limited processing power for E.G listening to a conversation and limitless power for AnxietyABoutAllTheThings.exe #Anxiety,"it is great to know that i have limited processing power for e.g listening to a conversation and limitless power for anxietyaboutallthethings.eye #anxiety
",fear
2020-03-11 20:45:07,1237842007059390466,"If the anxiety stays at a high level for a long time, you may feel that it is difficult to deal with everyday life #anxiety","if the anxiety stays at a high level for a long time, you may feel that it is difficult to deal with everyday life #anxiety
",fear
2020-03-11 20:44:21,1237841815929143296,"anyone on here suffer with anxiety? I got told last week that I’m suffering with anxiety, I get chest pains / headaches / feel dizzy when I start to get anxious does anyone have any tips on how to control these or stop them? Feel like it’s ruining my life 🙄 #anxiety","anyone on here suffer with anxiety? i got told last week that i’m suffering with anxiety, i get chest pains / headaches / feel dizzy when i start to get anxious does anyone have any tips on how to control these or stop them? feel like it’s ruining my life 🙄 #anxiety
",fear
2020-03-11 20:39:48,1237840670217265153,"My hobbies include sitting in my car in the driveway listening to My Chemical Romance and Blink 182. 
#Anxiety","my hobbies include sitting in my car in the driveway listening to my chemical romance and blink 182. 
#anxiety
",fear
2020-03-11 20:26:16,1237837266564808711,Just yesterday I was saying how silly everyone is to buy toilet paper. Then today at work I became increasingly anxious about the amount of toilet paper I have at home and what if this continues and then I’m out and can’t buy any? Needless to say I’m now stocked up #anxiety,"just yesterday i was saying how silly everyone is to buy toilet paper. then today at work i became increasingly anxious about the amount of toilet paper i have at home and what if this continues and then i’m out and can’t buy any? needless to say i’m now stocked up #anxiety
",fear
2020-03-11 20:23:50,1237836650459234304,"""You act like prey, they will treat you like prey, her grandfather had said. It was advice that had served her well, in multiple contexts."" #1linewed #horror","""you act like prey, they will treat you like prey, her grandfather had said. it was advice that had served her well, in multiple contexts."" #1sinewed #horror
",fear
2020-03-12 11:15:57,1238061161859485697,Omg my niall tickets have arrived already 😱,"org my nill tickets have arrived already 😱
",fear
2020-03-12 11:15:44,1238061105429098496,Yesterday &amp; Today has been about leak memos. You can’t keep anything confidential in the Philippines lol 😆😱,"yesterday &amp; today has been about leak memos. you can’t keep anything confidential in the philippines low 😆😱
",fear
2020-03-12 11:15:33,1238061060411797508,"Today is final fittings for the final show of the year. Its been a nightmare to work on, it can’t be over soon enough. Haven’t even had a chance to work on my honours presentation much and that’s happening tomorrow night. I think it’s going to be a long 48 hours. Wish me luck! 😱","today is final fittings for the final show of the year. its been a nightmare to work on, it can’t be over soon enough. haven’t even had a chance to work on my honours presentation much and that’s happening tomorrow night. i think it’s going to be a long 48 hours. wish me luck! 😱
",fear
2020-03-12 11:15:18,1238060996503240707,Then re watched it on his own 😰,"then re watched it on his own 😰
",fear
2020-03-12 11:14:40,1238060839162105856,the old man next to me on the bus is the coughing all the time. what should i do? i'm panicking inside. he has a mask on but how could we know? 😰😖,"the old man next to me on the bus is the coughing all the time. what should i do? I am panicking inside. he has a mask on but how could we know? 😰😖
",fear
2020-03-12 11:14:18,1238060747437101056,Damn this chick really playing wit herself on the gram 😂😱,"damn this chick really playing wit herself on the gram 😂😱
",fear
2020-03-12 11:14:08,1238060704613228546,Eek! Had a 2 choruses of Happy Birthday moment there.. Delivery bod turned up with package and needed electronic signature on one of those pads you scribble on with your finger!!! Going to keep something to scribble with by the door in future..😱,"eek! had a 2 choruses of happy birthday moment there.. delivery bod turned up with package and needed electronic signature on one of those pads you scribble on with your finger!! going to keep something to scribble with by the door in future..😱
",fear
2020-03-12 11:13:48,1238060619741396993,"My Ovary is ready, who’s gonna cum in? 😰","my ovary is ready, who’s gonna cum in? 😰
",fear
2020-03-12 11:13:31,1238060548950032391,Just realised how much space my raw file photos take up on my pc. Once modified and saved I never look at them again. 10 yrs of clearing out. 😲😱,"just realised how much space my raw file photos take up on my pc. once modified and saved i never look at them again. 10 yrs of clearing out. 😲😱
",fear
2020-03-12 11:12:59,1238060412396077056,Thomas Partey by the way 😨,"thomas party by the way 😨
",fear
2020-03-12 11:12:53,1238060389339934725,Tom Hanks com corongavirus 😨,"tom hanks com coronavirus 😨
",fear
2020-03-12 11:12:26,1238060277746274305,"There is nothing better than scrolling through CT when there is carnage on the $BTC chart!

Half of you us are happy, half of us are sad... but all of us are in disbelief!

It'll be interesting to see where the daily ends up closing. Will we see another candle like in May '19? 😱","there is nothing better than scrolling through ct when there is carnage on the $etc chart!

half of you us are happy, half of us are sad.. but all of us are in disbelief!

it will be interesting to see where the daily ends up closing. will we see another candle like in may '19? 😱
",fear
2020-03-12 11:12:24,1238060267403010048,Cancel 2020! 😰,"cancel 2020! 😰
",fear
2020-03-12 11:12:12,1238060219021717507,Panic Buying Everywhere 😰😳,"panic buying everywhere 😰😳
",fear
2020-03-12 11:11:55,1238060144421933057,"Not to cause a panic, but we were at dinner and people were discussing how much weight they gained during the lockdown. 😱

2-3 kilos people.","not to cause a panic, but we were at dinner and people were discussing how much weight they gained during the lockdown. 😱

2-3 kilos people.
",fear
2020-03-12 11:11:52,1238060131507744768,As the children appear 2 b resistant 2 coranvirus!? Is mother nature giving a warning 2 the stupidity of millions of the older destructive nature of the greedy over the needy has a consequence?! Carriers of this latest pandemic??😱Blessed be the innocents?😇,"as the children appear 2 b resistant 2 coronavirus!? is mother nature giving a warning 2 the stupidity of millions of the older destructive nature of the greedy over the needy has a consequence?! carriers of this latest pandemic??😱blessed be the innocents?😇
",fear
2020-03-12 11:11:42,1238060091749707776,tmr no friday prayers???! 😱😱,"tm no friday prayers??! 😱😱
",fear
2020-03-12 11:11:38,1238060075870281728,"My friend’s psycho boyfriend wants to know me 

When i say psycho i mean it 😰","my friend’s psycho boyfriend wants to know me 

when i say psycho i mean it 😰
",fear
2020-03-12 11:11:37,1238060070300037120,scary shit 😨,"scary shit 😨
",fear
2020-03-12 11:10:54,1238059890750509056,"I'm still shocked oh. earpiece I beg to buy 350, my mother bought it for 150. How? 😨","I am still shocked oh. earpiece i beg to buy 350, my mother bought it for 150. how? 😨
",fear
2020-03-12 11:10:54,1238059890599477249,I'm trying not to get panicky but the UK government's handling of this virus seems completely inept! It sounds like they are just hoping for the best 😱 God help all the elderly and sick.,"I am trying not to get panicky but the uk government's handling of this virus seems completely inept! it sounds like they are just hoping for the best 😱 god help all the elderly and sick.
",fear
2020-03-12 11:10:34,1238059807850074113,I just need a break 😰,"i just need a break 😰
",fear
2020-03-12 11:10:27,1238059777214865408,Diablesss😱,"diables😱
",fear
2020-03-12 11:09:48,1238059613997731840,I’m so tired. Life comes at you fast. 😰,"i’m so tired. life comes at you fast. 😰
",fear
2020-03-12 11:09:28,1238059530564407296,"at this rate it's not even a point of me missing my swings, it's becoming i won't ever be able to get close NYAHAH;;;; 😰
being a hunter main but at what cost...","at this rate it is not even a point of me missing my swings, it is becoming i will not ever be able to get close yahan;; 😰
being a hunter main but at what cost..
",fear
2020-03-12 11:09:27,1238059525850173445,you're a HOT GIRL 😰 we met once at some random liquor shindig and i've been looking forward to running into you since,"you are a hot girl 😰 we met once at some random liquor shindig and i've been looking forward to running into you since
",fear
2020-03-12 11:09:10,1238059453565399040,"Deym I've been studying stock market and investing lately on it, but It seems it was a wrong timing (again) because of covid-19, Stock market prices plummetted down alot since the covid-19 pandemic announcement, and I saw alot of businesses, and freelancers affected too. 😢😱","deem i've been studying stock market and investing lately on it, but it seems it was a wrong timing (again) because of covid-19, stock market prices plummeted down clot since the covid-19 pandemic announcement, and i saw clot of businesses, and freelancers affected too. 😢😱
",fear
2020-03-12 11:09:06,1238059435899011073,Getting closer.😝😰,"getting closer.😝😰
",fear
2020-03-12 11:08:21,1238059247314915328,"i have tendency for vomit..
i have tendency to faint ... the same time😱.","i have tendency for vomit..
i have tendency to faint .. the same time😱.
",fear
2020-03-12 11:08:21,1238059246346022913,thanks for the gold kind stranger! free tibet 🐵 😱,"thanks for the gold kind stranger! free tibet 🐵 😱
",fear
2020-03-12 11:08:17,1238059230935920640,Nobodys there when I needed u the most.😰,"nobody there when i needed u the most.😰
",fear
2020-03-12 11:07:45,1238059097338994689,After going to the ER for the third time in one year I think I have officially destroyed my digestive system. Yikes. 😰,"after going to the er for the third time in one year i think i have officially destroyed my digestive system. yikes. 😰
",fear
2020-03-12 11:06:48,1238058858385256450,Weird weather. Aircon at midday. My little *plastic* 😱 electric fire tonight.,"weird weather. zircon at midday. my little *plastic* 😱 electric fire tonight.
",fear
2020-03-12 11:06:39,1238058821827923969,"For some reason, I keep thinking about Station Eleven... 😱#tooclosetoreality","for some reason, i keep thinking about station eleven.. 😱#tooclosetoreality
",fear
2020-03-12 11:06:36,1238058807600664576,"#Bitcoin just dumped to 5,600 on Bitmex and to 5,910 on Bitstamp 😱","#bitcoin just dumped to 5,600 on bitter and to 5,910 on bestamp 😱
",fear
2020-03-12 11:06:25,1238058760855142404,What if Jungyeop is actually vlogging all of his artists this week and today is Lovelyz turn 🤔  And what if they actually filmed Woollim artists variety show this whole month and will announce it next month 😱,"what if jungyeop is actually flogging all of his artists this week and today is lovely turn 🤔  and what if they actually filmed woollen artists variety show this whole month and will announce it next month 😱
",fear
2020-03-12 11:06:08,1238058688960700421,Wait Tom hanks and his wife tested positive for corona? 😨,"wait tom hanks and his wife tested positive for corona? 😨
",fear
2020-03-12 11:06:06,1238058680219840513,"Hamlet: *stabs polonious*
Gertrude: 😰
Hamlet: moooooom look what you made me dooooooo","hamlet: *stabs polonius*
gertrude: 😰
hamlet: room look what you made me doo
",fear
2020-03-12 11:06:03,1238058671009136640,They isolate our students in uni because we have a student who get corona and was in uni today 😣😰,"they isolate our students in uni because we have a student who get corona and was in uni today 😣😰
",fear
2020-03-12 11:05:59,1238058653581824001,on BitMex $660 million bitcoin longs liquidated just now 😱,"on bitter $660 million bitcoin longs liquidated just now 😱
",fear
2020-03-12 11:05:33,1238058543187722240,I’m paranoid 😰,"i’m paranoid 😰
",fear
2020-03-12 11:05:20,1238058489240530946,"Wife call police to arrest her husband's side chick.
Getting to the hotel, d side chick is d police's wife
We still dey der sha!! 😱","wife call police to arrest her husband's side chick.
getting to the hotel, d side chick is d police's wife
we still dey der sha!! 😱
",fear
2020-03-12 11:05:19,1238058484790370307,"The reduction in the PIV grant has effectively increased the price of all BEVs by £500. In addition, vehicles with a value over £50K are no longer eligible which increases the cost of high end EVs by £3500! 😱","the reduction in the pin grant has effectively increased the price of all bees by £500. in addition, vehicles with a value over £50k are no longer eligible which increases the cost of high end eve by £3500! 😱
",fear
2020-03-12 11:05:09,1238058443627466754,Homer is driving drunk😱 and has collided with a dragon face 🐲,"homer is driving drunk😱 and has collided with a dragon face 🐲
",fear
2020-03-12 11:04:59,1238058399918706689,I'm known as a person who smile too often hahhaha😱🤣,"I am known as a person who smile too often hahhaha😱🤣
",fear
2020-03-12 11:04:38,1238058313289531392,"What's one student based item you couldn't bear to live without? Now's the time you have to ask yourself, what's more important... 😱 #StudentLife #StudentProblems","what has / what is one student based item you could not bear to live without? now's the time you have to ask yourself, what has / what is more important.. 😱 #studentlike #studentproblems
",fear
2020-03-12 11:04:24,1238058253407473666,yo what 😱,"yo what 😱
",fear
2020-03-12 11:03:56,1238058136977707009,"Okay!!Chris that's enough😨
#UltimateLoveNG","okay!!chris that is enough😨
#ultimateloveng
",fear
2020-03-12 11:03:56,1238058134977069062,Bless the fact that I’ve seen ИF just two days ago since he has to cancel/postpone the rest of his tour.. would have make it even worse for me after Fletch had the cancel/postpone hers too.. I’m heartbroken for the UK fans😰,"bless the fact that i’ve seen иf just two days ago since he has to cancel/postpone the rest of his tour.. would have make it even worse for me after fletch had the cancel/postpone hers too.. i’m heartbroken for the uk fans😰
",fear
2020-03-12 11:03:37,1238058055650205698,life has become the walking dead 😰,"life has become the walking dead 😰
",fear
2020-03-12 11:03:16,1238057970824601601,This coronvirus shits too much you know there actually family’s that are stuggling because one of their loved ones dying of cancer. One of the biggest killers known to date. 😥😰,"this coronavirus shits too much you know there actually family’s that are struggling because one of their loved ones dying of cancer. one of the biggest killers known to date. 😥😰
",fear
2020-03-12 11:03:02,1238057911500316673,"okay wait nvm, i’ve been awake for longer now AND NOW MY WHOLE FACE FEELS BAD 😰","okay wait nom, i’ve been awake for longer now and now my whole face feels bad 😰
",fear
2020-03-12 11:02:57,1238057889085788161,CircuitBreaker 😰,"circuitbreaker 😰
",fear
2020-03-12 11:02:44,1238057835033808898,im late for the tea 😱,"im late for the tea 😱
",fear
2020-03-12 11:02:13,1238057705127862272,I'm so happy rn. Thank you Baekhyun and Chanyeol for the contents that you given today! I love youuuu both😭  I miss EXO so much😰,"I am so happy rn. thank you baekhyun and channel for the contents that you given today! i love you both😭  i miss ex so much😰
",fear
2020-03-12 11:01:35,1238057546419593216,Friday the 13th 😰,"friday the 13th 😰
",fear
2020-03-12 11:01:24,1238057500953448448,"People really jeopardise their real life, face to face relationships for an online Catfish 😰 whew.","people really jeopardise their real life, face to face relationships for an online catfish 😰 whew.
",fear
2020-03-12 11:01:22,1238057492396904450,I’m not ready for tomorrow 😱😱,"i’m not ready for tomorrow 😱😱
",fear
2020-03-12 11:01:01,1238057404345942018,no classes starting march 16 to 20!!! 😱,"no classes starting march 16 to 20!! 😱
",fear
2020-03-12 11:01:01,1238057403460890624,What's even more frightening than the virus itself is the global recession that followed 😨. I hope we all prepared,"what has / what is even more frightening than the virus itself is the global recession that followed 😨. i hope we all prepared
",fear
2020-03-12 11:00:57,1238057384175681538,I discovered that Men have Shampoo AND Body Wash combined into one bottle. The horror 😰,"i discovered that men have shampoo and body wash combined into one bottle. the horror 😰
",fear
2020-03-12 11:00:19,1238057225064787968,omg i didnt know cinnamon apple guy murdered his girlfriend 😰,"org i didnt know cinnamon apple guy murdered his girlfriend 😰
",fear
2020-03-12 10:59:52,1238057112305098753,"AMVCA is this Saturday?
Wow.😱","amla is this saturday?
wow.😱
",fear
2020-03-12 10:59:50,1238057106525298689,o mcnd foi indicado ao win no mcountdown 😱,"o mind foi indicate ao win no countdown 😱
",fear
2020-03-12 10:59:32,1238057027672440832,I do hope after washing their hands at public conveniences that people aren’t still using those hand dryer thingys 😱 I’ve never been convinced they’re particularly sanitary. Paper towels all the way for me!,"i do hope after washing their hands at public conveniences that people aren’t still using those hand dryer things 😱 i’ve never been convinced they’re particularly sanitary. paper towels all the way for me!
",fear
2020-03-12 10:59:22,1238056986362572801,baven't been bite by dogs but i dunno i'm so scared 😰😭,"have not been bite by dogs but i dunno I am so scared 😰😭
",fear
2020-03-12 10:59:18,1238056971908952064,Wtf this can’t be. The NBA suspended its season? 😱 Damn Lakers were doing great. Fucking dirty. Coronavirus SMH,"wtv this can’t be. the na suspended its season? 😱 damn lakers were doing great. fucking dirty. coronavirus sah
",fear
2020-03-12 10:58:49,1238056847963082752,shet i'm shakinggggggg 😰,"shet I am shaking 😰
",fear
2020-03-12 10:58:28,1238056762458112000,"Last week: Not a pip about the virus here
Today: Anyone that so much as coughs or sneezes is to be sent home indefinitely 😱
Shit just got real, real quick. I also work with tiny humans so you can only imagine the panic","last week: not a pip about the virus here
today: anyone that so much as coughs or sneezes is to be sent home indefinitely 😱
shit just got real, real quick. i also work with tiny humans so you can only imagine the panic
",fear
2020-03-12 10:57:52,1238056609361920000,Just deeped that the spider I saw in my dream last night was probably a real spider on my face 😱,"just deeper that the spider i saw in my dream last night was probably a real spider on my face 😱
",fear
2020-03-12 10:57:50,1238056601539379201,“Sentence structure” woah 😨,"“sentence structure” noah 😨
",fear
2020-03-12 10:57:41,1238056562880581633,1 booking got cancelled already 😷😱,"1 booking got cancelled already 😷😱
",fear
2020-03-12 10:57:33,1238056531452514304,"This is crazy, but I’m getting used to coming back at night after work. My working time just shifted like that. Start a bit later, finish even later 😰","this is crazy, but i’m getting used to coming back at night after work. my working time just shifted like that. start a bit later, finish even later 😰
",fear
2020-03-12 10:57:12,1238056443410030593,This was insane 😱,"this was insane 😱
",fear
2020-03-12 10:57:09,1238056430000889856,She’s not your girl she’s an opp 😰,"she’s not your girl she’s an opp 😰
",fear
2020-03-12 10:56:55,1238056372698259457,"Alright, *turns on cnbc* 😱","alright, *turns on cbc* 😱
",fear
2020-03-12 10:56:43,1238056319673909248,Is it true that in the US you have to pay $2000 just for the test to see if you have coronavirus or not??? 😨,"is it true that in the us you have to pay $200 just for the test to see if you have coronavirus or not?? 😨
",fear
2020-03-12 10:56:40,1238056308366065665,"You people have worn me down. Okay, I’m on board, COVID-19 is the greatest threat facing mankind. We need to encase anyone infected in cement and drop them in the ocean to protect the rest of us. How’s that? We have nothing to fear but COVID-19! 😱","you people have worn me down. okay, i’m on board, covid-19 is the greatest threat facing mankind. we need to encase anyone infected in cement and drop them in the ocean to protect the rest of us. how’s that? we have nothing to fear but covid-19! 😱
",fear
2020-03-12 10:56:35,1238056288505827328,what will the kpoo poo stans do when the shit boy band gets corona 😱,"what will the poo poo stand do when the shit boy band gets corona 😱
",fear
2020-03-12 10:56:27,1238056254431518720,corona is starting to really freak me out 😰,"corona is starting to really freak me out 😰
",fear
2020-03-12 10:56:24,1238056241340903424,FRIDAYYYYY THE 13th UGMAAAAAA!!!!!!!!!😨🥶,"friday the 13th gumma!!😨🥶
",fear
2020-03-12 10:55:58,1238056132230500353,My uni is closed now 😱wow,"my uni is closed now 😱wow
",fear
2020-03-12 10:55:28,1238056007269376000,Friday the 13th😱😱,"friday the 13th😱😱
",fear
2020-03-12 10:55:06,1238055914084728832,so my university just announced that it’s gonna be closed for two weeks and so will be other schools and stuff which might include my work which means I can’t resign 😭😰,"so my university just announced that it’s gonna be closed for two weeks and so will be other schools and stuff which might include my work which means i can’t resign 😭😰
",fear
2020-03-12 10:54:44,1238055822946701317,i rlly haven’t been in school this whole week 😱 like i’ve gone but ended up going home cuz i wasn’t feeling well,"i rely haven’t been in school this whole week 😱 like i’ve gone but ended up going home cuz i wasn’t feeling well
",fear
2020-03-12 10:54:42,1238055812339306502,"Well.. Just ended up getting sick all over the bathroom floor, and my sinuses are like a damn faucet.. Really hope I don't have that nasty crap.. 😱","well.. just ended up getting sick all over the bathroom floor, and my sinuses are like a damn faucet.. really hope i do not have that nasty crap.. 😱
",fear
