2020-03-12 11:01:41,1238057572558680064,"Can't we just go back in time where everything was ok ?

#sad","cannot we just go back in time where everything was ok ?

#sad
",surprise
2020-03-12 11:00:26,1238057256840765440,"Why does pain even exist?

#sad","why does pain even exist?

#sad
",surprise
2020-03-12 10:59:36,1238057047159123968,"Why does it hurt so much ?

#quotes #sad","why does it hurt so much ?

#quotes #sad
",surprise
2020-03-12 10:52:45,1238055322180292608,"If you suffer from #depression watching #VictoriaLive will only depress you more.
It's a doom and gloom programme. 😪","if you suffer from #depression watching #pictorialise will only depress you more.
it is a doom and gloom programme. 😪
",surprise
2020-03-12 10:49:13,1238054431830278145,"But what if there was a #virus that sat on your brain cells your and cured #depression, increased dopamine in your brain by 200% and even fuckin released some like cool chemicals... And then after one full week of hard partying you die. That be my kinda virus.","but what if there was a #virus that sat on your brain cells your and cured #depression, increased dopamine in your brain by 200% and even fucking released some like cool chemicals.. and then after one full week of hard partying you die. that be my kinda virus.
",surprise
2020-03-12 10:28:30,1238049220575350784,"“Your mental health is more important than the test, the interview, the lunch date, the meeting, the family dinner, and the grocery-run. Take care of yourself.”
#depression #anxiety","“your mental health is more important than the test, the interview, the lunch date, the meeting, the family dinner, and the grocery-run. take care of yourself.”
#depression #anxiety
",surprise
2020-03-12 10:21:28,1238047449039671296,It's time for crypto to show what it's made of. #crisis #depression,"it is time for crypto to show what it is made of. #crisis #depression
",surprise
2020-03-12 10:11:30,1238044941915488256,Because as much as you like to believe them you just can't . Best advise l could give to somebody who knows somebody who has depression is support them stand by them tell them how much you love them and need them in your life . Please don't give up keep fighting. #depression,"because as much as you like to believe them you just cannot . best advise l could give to somebody who knows somebody who has depression is support them stand by them tell them how much you love them and need them in your life . please do not give up keep fighting. #depression
",surprise
2020-03-12 10:02:01,1238042556572872706,"""The withdrawals are far worse than the original #depression, for me and so many other people."" 

— Stuart Bryan, 48-year-old who has been taking #antidepressants on and off for more than two decades","""the withdrawals are far worse than the original #depression, for me and so many other people."" 

— stuart bryan, 48-year-old who has been taking #antidepressants on and off for more than two decades
",surprise
2020-03-12 09:50:16,1238039598514819072,"Depression isn’t always dark rooms and crying endlessly. Sometimes it’s getting up, work and smiling and laughing all day then coming home to sit quietly doing little to nothing until its time to go to bed.

Let’s talk about #depression !","depression isn’t always dark rooms and crying endlessly. sometimes it’s getting up, work and smiling and laughing all day then coming home to sit quietly doing little to nothing until its time to go to bed.

let’s talk about #depression !
",surprise
2020-03-12 09:36:16,1238036075098116096,this could be how you start a conversation with a loved one about depression: I have been feeling concerned for you lately #mentalhealth #depression,"this could be how you start a conversation with a loved one about depression: i have been feeling concerned for you lately #mentalhealth #depression
",surprise
2020-03-12 09:33:21,1238035338804842496,What's the rush?Why do we rush about with no time to spare?Does over-working&amp;doing too much make us appear more productive?Is it virtuous or insane?Once we burn out #depression forces us to stop. By resting we take responsibility for recovery. Rest is vital self-care. #depressed,"what has / what is the rush?why do we rush about with no time to spare?does over-working&amp;doing too much make us appear more productive?is it virtuous or insane?once we burn out #depression forces us to stop. by resting we take responsibility for recovery. rest is vital self-care. #depressed
",surprise
2020-03-12 09:32:15,1238035062219771905,"Instead of trying Anti-depressives, TRY BANANA'S! 
They are faar better nd work well against depression.
(Self experienced)

Well, u may not have sugar free bananas 😂

#depression","instead of trying anti-depressives, try banana's! 
they are far better nd work well against depression.
(self experienced)

well, u may not have sugar free bananas 😂

#depression
",surprise
2020-03-12 09:29:12,1238034298193825794,It’s hard not being able to talk to my baby in all day!! #sad,"it’s hard not being able to talk to my baby in all day!! #sad
",surprise
2020-03-12 09:03:13,1238027756883054592,Log movies or web series dakh rhy Han or ma khd ke zindage Barbaad hotee dakh rhe hun #sad😔,"log movies or web series dash rhy han or ma kid he windage barmaid hotel dash rhe hun #sad😔
",surprise
2020-03-12 08:29:18,1238019221986193408,"I cannot stress what enforced solitude does for those of us who already struggle with remembering that there’s a world out there that gives a shit about us. #Depression is hell, #quarantine does not help.","i cannot stress what enforced solitude does for those of us who already struggle with remembering that there’s a world out there that gives a shit about us. #depression is hell, #quarantine does not help.
",surprise
2020-03-12 07:52:16,1238009900388794368,"Usually I'm quite capable of poking fun at my #depression, if only to make others laugh, but sometimes it's just far too much, and I end up curled up on the couch watching random stuff on YouTube while thinking just how much of a disappointment/burden I am to those in my life 😔","usually I am quite capable of poking fun at my #depression, if only to make others laugh, but sometimes it is just far too much, and i end up curled up on the couch watching random stuff on couture while thinking just how much of a disappointment/burden i am to those in my life 😔
",surprise
2020-03-12 07:49:09,1238009118025289729,"Joke's on COVID-19. I've been self-isolating for years! #depression #anxiety

😩","joke's on covid-19. i've been self-isolating for years! #depression #anxiety

😩
",surprise
2020-03-12 07:32:26,1238004909943009280,So Trump is blaming Europe for his incompetence and lack of crisis management skills. #SAD,"so trump is blaming europe for his incompetence and lack of crisis management skills. #sad
",surprise
2020-03-12 07:22:22,1238002379733295105,"This fear mongering is really working, I don’t even think I can go home. #sad :(","this fear mongering is really working, i don’t even think i can go home. #sad :(
",surprise
2020-03-12 07:21:57,1238002272174514177,"#SAD I must admit, though I voted for Bernie I feel very sad for Biden. They limit his speaking and keep him out of public speaking as much as possible. I am sad because of his diminished capacity. Disorientation to time, place, disorganized memory recall.  A serious problem.../","#sad i must admit, though i voted for berne i feel very sad for bien. they limit his speaking and keep him out of public speaking as much as possible. i am sad because of his diminished capacity. disorientation to time, place, disorganized memory recall.  a serious problem../
",surprise
2020-03-12 07:18:36,1238001429677309954,"#SAD I must admit, though I voted for Bernie I feel very sad for Biden. They limit his speaking and keep him out of public speaking as much as possible. I am sad because of his diminished capacity. Disorientation to time, place, disorganized memory recall.  A serious problem..,","#sad i must admit, though i voted for berne i feel very sad for bien. they limit his speaking and keep him out of public speaking as much as possible. i am sad because of his diminished capacity. disorientation to time, place, disorganized memory recall.  a serious problem..,
",surprise
2020-03-12 07:18:24,1238001379878281217,"#SAD I must admit, though I voted for Bernie I feel very sad for Biden. They limit his speaking and keep him out of public speaking as much as possible. I am sad because of his diminished capacity. Disorientation to time, place, disorganized memory recall.  A serious problem..","#sad i must admit, though i voted for berne i feel very sad for bien. they limit his speaking and keep him out of public speaking as much as possible. i am sad because of his diminished capacity. disorientation to time, place, disorganized memory recall.  a serious problem..
",surprise
2020-03-12 07:06:29,1237998379529109504,can someone please talk to me i need some cheering up rn i’m #sad,"can someone please talk to me i need some cheering up rn i’m #sad
",surprise
2020-03-12 07:00:42,1237996923883335681,Nigeria is gradually stripping us of any form of humanity in US..... #sad,"nigeria is gradually stripping us of any form of humanity in us.. #sad
",surprise
2020-03-12 06:57:55,1237996223828643842,Is porn to the point of someone’s detriment really so important to people they can’t even laugh at a sex joke? #sad,"is porn to the point of someone’s detriment really so important to people they can’t even laugh at a sex joke? #sad
",surprise
2020-03-12 06:36:47,1237990907309367296,this is how to show a loved one you care: Have you talked to anyone about how you feel? #mentalhealth #depression,"this is how to show a loved one you care: have you talked to anyone about how you feel? #mentalhealth #depression
",surprise
2020-03-12 06:25:49,1237988144550641664,I’m here to expose ALL of the fake and scamming pieces of SCUM. Calling themselves “real”. Pathetic. DO NOT WASTE MY TIME. #sad #realsugardaddy,"i’m here to expose all of the fake and scamming pieces of scum. calling themselves “real”. pathetic. do not waste my time. #sad #realsugardaddy
",surprise
2020-03-12 06:20:54,1237986908707401728,"Is this the end of us...?
Or just the means to...start again...

#sad 
#night","is this the end of us..?
or just the means to..start again..

#sad 
#night
",surprise
2020-03-12 05:58:40,1237981315703558144,"Ot will be nice to forget to keep it inside sometimes

#Sad","ot will be nice to forget to keep it inside sometimes

#sad
",surprise
2020-03-12 05:49:33,1237979018768584705,I’ve been canceling events and socially distancing since before all this tshh #depression #aaaaaaaah,"i’ve been canceling events and socially distancing since before all this tsh #depression #aah
",surprise
2020-03-12 05:25:29,1237972961610485760,Forever wishing I naturally had 20/20 vision. #sad #ThanksGramma,"forever wishing i naturally had 20/20 vision. #sad #thanksgramma
",surprise
2020-03-12 05:24:57,1237972827539726337,Finished on my block... devastated then I find out my guy Tom has coronavirus #sad,"finished on my block.. devastated then i find out my guy tom has coronavirus #sad
",surprise
2020-03-12 05:02:11,1237967098275672064,Doctors don’t listen they just give you pills and then just send you on the way 😭#depression,"doctors don’t listen they just give you pills and then just send you on the way 😭#depression
",surprise
2020-03-12 04:51:30,1237964409198333953,Upset about NBA being suspended but haven’t checked on one friend or relative over 60 #Sad,"upset about na being suspended but haven’t checked on one friend or relative over 60 #sad
",surprise
2020-03-12 04:48:08,1237963562238140416,Going to have to watch the decade of excellence the whole month of March!! #sad #CollegeBasketball,"going to have to watch the decade of excellence the whole month of march!! #sad #collegebasketball
",surprise
2020-03-12 04:37:40,1237960930719391747,#depression is crying in your parents kitchen at 4:30am because your life has fallen apart and you cant even turn to the person you love because they're the wrong choice....,"#depression is crying in your parents kitchen at 4:30am because your life has fallen apart and you cant even turn to the person you love because they are the wrong choice..
",surprise
2020-03-12 04:31:28,1237959370677219328,"Tom Hanks got the corona virus. 
First post in a while since I forgot my Twitter password but suddenly remembered it. Anyways...#sad","tom hanks got the corona virus. 
first post in a while since i forgot my twitter password but suddenly remembered it. anyways..#sad
",surprise
2020-03-12 04:31:27,1237959365522534400,I bet grassroots tournament directors don’t stop having fans.... 🤔 if the NCAA is doing it and NBA. What’s excluding HS &amp; AAU? Get ready folks the train is coming downhill..... #FACTS #SAD,"i bet grassroots tournament directors don’t stop having fans.. 🤔 if the naa is doing it and na. what’s excluding hs &amp; au? get ready folks the train is coming downhill.. #facts #sad
",surprise
2020-03-12 04:23:42,1237957414617579521,I just want a long ass..... A long ass relationship 💯 #sad,"i just want a long ass.. a long ass relationship 💯 #sad
",surprise
2020-03-12 04:23:12,1237957289975271424,"Imagine handling everything on your own, while the one who’s supposed to be supporting you would rather prep her meals than preparing for your parents. #sad","imagine handling everything on your own, while the one who’s supposed to be supporting you would rather prep her meals than preparing for your parents. #sad
",surprise
2020-03-12 04:20:42,1237956661345542145,"5/n The Nigeria immigration, custom, and health institutions are not left out of this. Each day personnel from these institutions inhumanely treat and exploit the people like their lives, opinions or dreams don't matter #Sad this is not supposed to be.","5/n the nigeria immigration, custom, and health institutions are not left out of this. each day personnel from these institutions inhumanely treat and exploit the people like their lives, opinions or dreams do not matter #sad this is not supposed to be.
",surprise
2020-03-12 04:19:18,1237956309548437505,today when i wished to just go home tmrw...i didn’t think my wish would actually come true so hi i’m senti this is #sad #byeabroad,"today when i wished to just go home turn..i didn’t think my wish would actually come true so hi i’m senti this is #sad #byeabroad
",surprise
2020-03-12 04:06:55,1237953192689905665,I can’t believe I just scheduled for senior year ha ha ha #hi #depression,"i can’t believe i just scheduled for senior year ha ha ha #hi #depression
",surprise
2020-03-12 04:00:03,1237951461478318080,I'm currently feeling #Sad.,"I am currently feeling #sad.
",surprise
2020-03-12 03:52:36,1237949588507680768,why do all my friends live in like a different planet these mfs call whenever im busy and its #sad,"why do all my friends live in like a different planet these ms call whenever im busy and its #sad
",surprise
2020-03-12 03:48:02,1237948439956078592,more like march #sadness,"more like march #sadness
",surprise
2020-03-12 03:41:29,1237946791800143879,Pretending like you're ok when you aren't is the hardest thing to do and I suck at it because if you read what I've written it's very obvious I'm not ok. #littlespace #sad,"pretending like you are ok when you are not is the hardest thing to do and i suck at it because if you read what i've written it is very obvious I am not ok. #littlespace #sad
",surprise
2020-03-12 03:39:29,1237946288294879233,Today my census taker learned that Guam is apart of the US... #Sad and you're welcome Ms.,"today my census taker learned that guam is apart of the us.. #sad and you are welcome ms.
",surprise
2020-03-12 03:38:06,1237945940121497601,#depression accelelate your life and fight for your feeling,"#depression accelerate your life and fight for your feeling
",surprise
2020-03-12 03:37:25,1237945766091636739,this is how to show a loved one you care: Did something happen to make you start feeling this way? #mentalhealth #depression,"this is how to show a loved one you care: did something happen to make you start feeling this way? #mentalhealth #depression
",surprise
2020-03-12 03:36:22,1237945502865358848,so i’m sitting ina solo lobby cuz warzone only 3 players :/ #sad,"so i’m sitting in solo lobby cuz carvone only 3 players :/ #sad
",surprise
2020-03-12 03:30:40,1237944066966532098,Just a week ago I was able to eat three cheese burgers a large fry chicken nuggets and a shamrock shake and now I ate a value fry and 1/2 cheeseburger &amp; im full #depression,"just a week ago i was able to eat three cheese burgers a large fry chicken nuggets and a shamrock shake and now i ate a value fry and 1/2 cheeseburger &amp; im full #depression
",surprise
2020-03-12 03:28:56,1237943632151351296,WELL THEN. life comes at you fast. #SAD,"well then. life comes at you fast. #sad
",surprise
2020-03-12 03:17:17,1237940700731314178,Everyone out here bitching about sports getting cancelled and all I want is the airlines to stay open so I can go say by to my dying mother. #sadness,"everyone out here bitching about sports getting cancelled and all i want is the airlines to stay open so i can go say by to my dying mother. #sadness
",surprise
2020-03-12 03:13:12,1237939674888445953,I'm just tired #depression,"I am just tired #depression
",surprise
2020-03-12 03:13:04,1237939638460919808,Why is everything in my life going great. But I still don’t wanna be here. #depression #sadness,"why is everything in my life going great. but i still don’t wanna be here. #depression #sadness
",surprise
2020-03-12 03:10:31,1237938996728041473,okay they cancelled our games. This has gone too far 🥺 #sad,"okay they cancelled our games. this has gone too far 🥺 #sad
",surprise
2020-03-12 03:07:23,1237938209473957892,Wtf# my job just went in the toilet along with the economy #depression talk next,"wtv# my job just went in the toilet along with the economy #depression talk next
",surprise
2020-03-12 03:04:58,1237937600343740416,COVID-19 is about to take my sugar daddy away #sadness,"covid-19 is about to take my sugar daddy away #sadness
",surprise
2020-03-12 03:03:24,1237937204678320134,Tonight I saw a 73-year-old man deliver an address as if he were a hostage reading a statement written by his captors. And then I saw him act like a 5-year-old once he *thought* the broadcast was over. Apologies to the actual 5-year-olds out there. You’re better than that. #Sad,"tonight i saw a 73-year-old man deliver an address as if he were a hostage reading a statement written by his captors. and then i saw him act like a 5-year-old once he *thought* the broadcast was over. apologies to the actual 5-year-olds out there. you’re better than that. #sad
",surprise
2020-03-12 03:00:07,1237936381760069633,People really dont know how to #WashYourHands ? #sad,"people really dont know how to #washyourhands ? #sad
",surprise
2020-03-12 02:48:54,1237933555830992896,Niggas really be faking their personality to fuck. #SAD,"nights really be faking their personality to fuck. #sad
",surprise
2020-03-12 02:39:59,1237931313857843200,Spring break plans are cancelled #sad,"spring break plans are cancelled #sad
",surprise
2020-03-12 02:27:39,1237928210274422787,Can't sleep.  Just staying up late in bed thinking about offing myself.  Good times.  #depression,"cannot sleep.  just staying up late in bed thinking about offing myself.  good times.  #depression
",surprise
2020-03-12 02:13:12,1237924572470505472,Of course the NBA gets suspended the game before Nurk comes back #ripcity #sad,"of course the na gets suspended the game before nur comes back #rapacity #sad
",surprise
2020-03-12 02:05:04,1237922528665972738,"If you have friends or family members with #depression or other mental health issues, please reach out to them. Global pandemic is a reality that can add an extra layer of hardship for us right now. Extra love and caring can really help.","if you have friends or family members with #depression or other mental health issues, please reach out to them. global pandemic is a reality that can add an extra layer of hardship for us right now. extra love and caring can really help.
",surprise
2020-03-12 02:04:54,1237922485422751745,i wish community colleges were shutting down from the corona virus #sad,"i wish community colleges were shutting down from the corona virus #sad
",surprise
2020-03-12 02:03:05,1237922029598322690,Tom Hanks has corona virus :( #sad #worried,"tom hanks has corona virus :( #sad #worried
",surprise
2020-03-12 01:59:23,1237921095707062272,"#TrumpAddress This is the most he's READ in years! It was painful to try to listen. I'll wait for the recap.
#Sad","#trumpaddress this is the most he has read in years! it was painful to try to listen. i'll wait for the recap.
#sad
",surprise
2020-03-12 01:52:58,1237919482112348160,"Wait so is the anime body pillow I ordered, that’s currently chilling in China, won’t be delivered anytime soon? #coronavirus #sad","wait so is the anime body pillow i ordered, that’s currently chilling in china, won’t be delivered anytime soon? #coronavirus #sad
",surprise
2020-03-12 01:41:55,1237916701125160966,Fuck no March Madness is coming up #Sad,"fuck no march madness is coming up #sad
",surprise
2020-03-12 01:41:42,1237916645731045376,BASKETBALL IS CANCELLED #SAD,"basketball is cancelled #sad
",surprise
2020-03-12 01:40:52,1237916437986992130,"Fellow sufferers of #depression and/or #bipolardisorder  is there ever an activity that is so WHOLESOME it makes you cry/want to cry? For me it's playing ball with my dog (who is my living, breathing front line treatment for depression).","fellow sufferers of #depression and/or #bipolardisorder  is there ever an activity that is so wholesome it makes you cry/want to cry? for me it is playing ball with my dog (who is my living, breathing front line treatment for depression).
",surprise
2020-03-12 01:39:15,1237916029394837505,Miss you tube y’all #sad,"miss you tube y’all #sad
",surprise
2020-03-12 01:39:04,1237915984217944065,#sad and #stressed but can’t wait to be home with my family in a few days ❤️,"#sad and #stressed but can’t wait to be home with my family in a few days ❤️
",surprise
2020-03-12 01:38:52,1237915933756309504,"That official statement from the Oval Office got me closing my eyes, dreaming of Obama's soothing voice comforting his fellow Americans #SAD","that official statement from the oval office got me closing my eyes, dreaming of drama's soothing voice comforting his fellow americans #sad
",surprise
2020-03-12 01:34:12,1237914760517222406,"I miss BLANC7 music on Apple Music :)  
Imma stream it illegally¿ on SoundCloud #sad","i miss blanc7 music on apple music :)  
amma stream it illegally¿ on soundcloud #sad
",surprise
2020-03-12 01:30:40,1237913869105991680,Tom Hanks con coronavirus #sad,"tom hanks con coronavirus #sad
",surprise
2020-03-12 01:14:17,1237909745031397377,The problem with everything he says about coming together as a nation/putting politics aside is that his daily acts/tweets does those very things. #SAD #Actionnotwords,"the problem with everything he says about coming together as a nation/putting politics aside is that his daily acts/tweets does those very things. #sad #actionnotwords
",surprise
2020-03-12 01:11:56,1237909155551248384,The Dotard in Chief sounds like a third grader reading his “ what I did on my summer vacation” essay. #SAD,"the dotard in chief sounds like a third grader reading his “ what i did on my summer vacation” essay. #sad
",surprise
2020-03-12 01:11:38,1237909078581448704,"I spent the whole day in bed, most of it sleeping. I was totally avoiding work. I find my job to be very stressful. Well, my boss knows it was because of stress and not that I was actually sick. I feel tons of shame. #SickNotWeak #depression","i spent the whole day in bed, most of it sleeping. i was totally avoiding work. i find my job to be very stressful. well, my boss knows it was because of stress and not that i was actually sick. i feel tons of shame. #sicknotweak #depression
",surprise
2020-03-12 01:11:13,1237908975544393729,Feel bad for Vince Carter. His final season may end playing in an arena with no fans.  #sad #nba,"feel bad for since carter. his final season may end playing in an arena with no fans.  #sad #na
",surprise
2020-03-12 01:10:34,1237908809344901121,What a shame my MIL died because now Ed McEneaney cant try and collect free money by pretending to care for a corona virus sufferer! #SAD,"what a shame my mil died because now ed mceneaney cant try and collect free money by pretending to care for a corona virus sufferer! #sad
",surprise
2020-03-12 01:10:15,1237908731058425856,"Is it just me, or does Trump's speech sound like a hostage statement? What a complete disaster. #Sad #CoronaVirus","is it just me, or does trump's speech sound like a hostage statement? what a complete disaster. #sad #coronavirus
",surprise
2020-03-12 01:07:10,1237907956097626112,"Trump really looks like shit. 

No way he’ll debate anyone. 

#Sad","trump really looks like shit. 

no way he’ll debate anyone. 

#sad
",surprise
2020-03-12 01:05:46,1237907604036182016,I hate when you think someone is great and then they add you on Facebook and you see how racist and small minded they are.  #Sad #TruthHurts,"i hate when you think someone is great and then they add you on datebook and you see how racist and small minded they are.  #sad #truthhurts
",surprise
2020-03-12 01:03:21,1237906993182117889,"hi everyone! i don’t on here much because #depression got the best of me, but i’m doing better! i have a good day today! HAVE A GREAT NIGHT","hi everyone! i don’t on here much because #depression got the best of me, but i’m doing better! i have a good day today! have a great night
",surprise
2020-03-12 01:00:51,1237906367295492097,#Survivor was the only TV that I looked forward to during the week. #Sad,"#survivor was the only tv that i looked forward to during the week. #sad
",surprise
2020-03-12 01:00:14,1237906212315901952,"Good News! Not only is  Mike Pence in charge of the coronavirus govt team, now Son- in-law Jared Kushner is  advising tRump on it. Oh Boy...Are we in good hands! No worries Folks! Forget medical professionals, We the People now have tRump yes-boys leading the team.
#SAD🇺🇸
#RESIST","good news! not only is  mike pence in charge of the coronavirus govt team, now son- in-law dared mushier is  advising trump on it. oh boy..are we in good hands! no worries folks! forget medical professionals, we the people now have trump yes-boys leading the team.
#sad🇺🇸
#resist
",surprise
2020-03-12 00:49:48,1237903584152432640,rudy going out #sad rn,"rude going out #sad rn
",surprise
2020-03-12 00:48:19,1237903212457472000,"This week has been a miserable week for my depression but progress is being made.
Monday I didn’t get out of bed and didn’t eat or shower or anything. 
Tuesday I made myself eat something and shower.
Today I went out and bought garbage bags. 
#MentalHealthAwareness #depression","this week has been a miserable week for my depression but progress is being made.
monday i didn’t get out of bed and didn’t eat or shower or anything. 
tuesday i made myself eat something and shower.
today i went out and bought garbage bags. 
#mentalhealthawareness #depression
",surprise
2020-03-12 00:42:42,1237901799224475648,If Denver Comic Con gets canceled imma be #sad,"if denver comic con gets canceled amma be #sad
",surprise
2020-03-12 00:39:35,1237901012893151232,I wanna take this game thing to the next level because college just fucked me ..... so I’m about to go so hard all I wanna do is succeed.... #depression,"i wanna take this game thing to the next level because college just fucked me .. so i’m about to go so hard all i wanna do is succeed.. #depression
",surprise
2020-03-12 00:37:05,1237900385173438465,"this could be how you start a conversation with a loved one about depression: Recently, I've noticed some changes in you and wanted to see if you were doing alright #mentalhealth #depression","this could be how you start a conversation with a loved one about depression: recently, i've noticed some changes in you and wanted to see if you were doing alright #mentalhealth #depression
",surprise
2020-03-12 00:31:27,1237898968417185793,"Just think of a NATIONAL CHAMPIONSHIP GAME with NO fans, only family😭 #Sad","just think of a national championship game with no fans, only family😭 #sad
",surprise
2020-03-12 00:30:01,1237898604892893184,"Due to spraining my foot, you read that right, one of my powerful coping skills was taken away — walking. I’m slipping into a depressive episode, and the two combined resulted in lots of sleep. I am fighting it best I can. Started writing again. #NeverGiveUp #depression","due to spraining my foot, you read that right, one of my powerful coping skills was taken away — walking. i’m slipping into a depressive episode, and the two combined resulted in lots of sleep. i am fighting it best i can. started writing again. #nevergiveup #depression
",surprise
2020-03-12 00:25:43,1237897522577682433,The Coronavirus is making everyone SO soft. #sad,"the coronavirus is making everyone so soft. #sad
",surprise
2020-03-12 00:21:57,1237896574539186177,"I expect Trump to tout job numbers tonight
#Sad","i expect trump to tout job numbers tonight
#sad
",surprise
2020-03-12 00:16:26,1237895188191670281,"Well.. hopefully other schools cancel visits as well, otherwise Ohio State recruiting is going to take a massive blow #Sad","well.. hopefully other schools cancel visits as well, otherwise ohio state recruiting is going to take a massive blow #sad
",surprise
2020-03-12 00:14:47,1237894771638599683,Got medicine for depression and anxiety #depression #Anxiety,"got medicine for depression and anxiety #depression #anxiety
",surprise
2020-03-12 00:13:07,1237894354917675015,March MADness has a new meaning.  WOW...thanks stupid liberal nuts!  This is not right...I wish everyone could see through them.  Shame for making this horrible virus into politics.  I caught that CNN said now 10% may get it.  It WAS 35%.  You said it anohter way...liars. #Sad,"march madness has a new meaning.  wow..thanks stupid liberal nuts!  this is not right..i wish everyone could see through them.  shame for making this horrible virus into politics.  i caught that can said now 10% may get it.  it was 35%.  you said it another way..liars. #sad
",surprise
2020-03-12 00:04:20,1237892141927378944,Welp looks like we won't have recruiting to talk about for the next month. #SAD,"well looks like we will not have recruiting to talk about for the next month. #sad
",surprise
2020-03-11 23:54:28,1237889658605850624,Some of the media sources across the country need to delete their accounts. They make up about 9 different accounts talk to themselves on Twitter about the same players never ever seen them play.  But most importantly have never played basketball.  Only in girls basketball.  #Sad,"some of the media sources across the country need to delete their accounts. they make up about 9 different accounts talk to themselves on twitter about the same players never ever seen them play.  but most importantly have never played basketball.  only in girls basketball.  #sad
",surprise
2020-03-11 23:46:52,1237887746380726272,Today I will skip all meals bc I am a #skinnylegend and I am #sad,"today i will skip all meals bc i am a #skinnylegend and i am #sad
",surprise
2020-03-11 23:42:44,1237886707946553344,I'm #sad well fought Liverpool just wasn't meant to be this year. Time to wrap up the league,"I am #sad well fought liverpool just was not meant to be this year. time to wrap up the league
",surprise
2020-03-11 23:42:01,1237886527746633730,All i want to do is close my eyes and sleep. #Depression,"all i want to do is close my eyes and sleep. #depression
",surprise
2020-03-11 23:39:50,1237885978246672384,i lost my airpods today and i am #sad,"i lost my bipods today and i am #sad
",surprise
2020-03-11 23:36:11,1237885060566659074,"You know that thing where your right tonsil develops sharp corners, and sometimes when you swallow it feels like you're being stabbed in the throat with a shard of glass? No? No? Nobody? It's just me? #sad","you know that thing where your right tonsil develops sharp corners, and sometimes when you swallow it feels like you are being stabbed in the throat with a shard of glass? no? no? nobody? it is just me? #sad
",surprise
2020-03-11 23:29:15,1237883313232072704,"Welp, guess I won’t be seeing Tame Impala on Friday #SAD","well, guess i won’t be seeing tame impala on friday #sad
",surprise
2020-03-11 23:13:51,1237879436671737859,"Gonna toss this out into the void...
Any expats out there who really struggle/feel trapped? 
Talk to me. 😞
#expatlife #depression","gonna toss this out into the void..
any expats out there who really struggle/feel trapped? 
talk to me. 😞
#expatlife #depression
",surprise
2020-03-11 23:13:26,1237879332791414788,"Too sad to live, too poor to die. #depression","too sad to live, too poor to die. #depression
",surprise
2020-03-11 23:09:03,1237878230092107783,"I'm in the hell of mental illness🆘
#depression #MentalHealthMatters","I am in the hell of mental illness🆘
#depression #mentalhealthmatters
",surprise
2020-03-11 23:04:05,1237876982727110659,Breaking: I just found out there’s an NBA team called the Pelicans. #sadness,"breaking: i just found out there’s an na team called the pelicans. #sadness
",surprise
2020-03-11 23:02:46,1237876650634645510,"And coronavirus or covid-19 shuts down the Houston Rodeo. So many devastated teens, kids who will not show their animals, vie for $$millions in scholarships. #Sad #Concerned","and coronavirus or covid-19 shuts down the houston rodeo. so many devastated teens, kids who will not show their animals, vie for $$millions in scholarships. #sad #concerned
",surprise
2020-03-11 22:56:17,1237875018899456000,Poor Liverpool fans... they’re only gg to win the league this year 😭 #sad #dissapointed,"poor liverpool fans.. they’re only go to win the league this year 😭 #sad #disappointed
",surprise
2020-03-11 22:44:18,1237872000741208071,"#depression isn’t limited to moments of quiet solitude. It can happen in turbulent times. It can rear its ugly head as we do things we love, even while we’re surrounded by people who love and support us.
Yes, it can strike in the middle of fixing dinner.","#depression isn’t limited to moments of quiet solitude. it can happen in turbulent times. it can rear its ugly head as we do things we love, even while we’re surrounded by people who love and support us.
yes, it can strike in the middle of fixing dinner.
",surprise
2020-03-11 22:41:55,1237871403094831105,"Overheard in the grocery aisle
Lady: “ooh, do they have those Pop-Tarts without frosting?”
Friend: “wait, what? Without frosting? They MAKE those?”
Lady: “YES, and see, they don’t have any!”
Friend: “those just sound sad.”#sad #whereisthefrosting","overheard in the grocery aisle
lady: “ooh, do they have those pop-tarts without frosting?”
friend: “wait, what? without frosting? they make those?”
lady: “yes, and see, they don’t have any!”
friend: “those just sound sad.”#sad #whereisthefrosting
",surprise
2020-03-11 22:36:06,1237869939098185728,apologies for the football tweets but my club has just been knocked out of the champions league and i am #sad,"apologies for the football tweets but my club has just been knocked out of the champions league and i am #sad
",surprise
2020-03-11 22:33:00,1237869156420087808,that line in white knight is so genius im lit rally the human embodiment of it so #sad that it even makes me laugh,"that line in white knight is so genius im lit rally the human embodiment of it so #sad that it even makes me laugh
",surprise
2020-03-11 22:31:32,1237868791326863363,"Liverpool At The Moment
#sad","liverpool at the moment
#sad
",surprise
2020-03-11 22:28:57,1237868140257673216,"#Dreadful is how I have become. No words can define my #depression. “Gloom of my doom”, is a new title for me.","#dreadful is how i have become. no words can define my #depression. “gloom of my doom”, is a new title for me.
",surprise
2020-03-11 22:25:09,1237867180739313667,I need more local friends ☹️😔 #lonely #sad,"i need more local friends ☹️😔 #lonely #sad
",surprise
2020-03-11 22:24:56,1237867128083992578,watching unicorn store bc im #sad,"watching unicorn store bc im #sad
",surprise
2020-03-11 22:15:23,1237864726723358721,"Juventus FC have announced that defender Daniel Rugani has tested positive for Corona Virus.
#sad.
I hope he recovers.
I wonder how many more footballers have been infected at the moment.","jumentous fc have announced that defender daniel regain has tested positive for corona virus.
#sad.
i hope he recovers.
i wonder how many more footballers have been infected at the moment.
",surprise
2020-03-11 22:13:34,1237864267694649345,"Liverpool greatest bottlers in football #sad
#LIVATM","liverpool greatest bottlers in football #sad
#vivat
",surprise
2020-03-11 22:10:34,1237863511511842817,this whole corona virus has me #sad,"this whole corona virus has me #sad
",surprise
2020-03-11 22:06:05,1237862384825323521,Well don’t bet on underdogs in the dance crowd plays a big role in upsets #sad #ncaa,"well don’t bet on underdogs in the dance crowd plays a big role in upsets #sad #naa
",surprise
2020-03-11 21:56:51,1237860059759116288,Almost 60 yrs old and your whole life revolves around your 26 yr old daughter #sad,"almost 60 yrs old and your whole life revolves around your 26 yr old daughter #sad
",surprise
2020-03-11 21:55:46,1237859787657756676,"“I just hope my death makes more cents than my life”
#depression #depressed","“i just hope my death makes more cents than my life”
#depression #depressed
",surprise
2020-03-11 21:53:35,1237859239848071171,Can Gus Johnson even Gus Johnson without fans? #sad,"can gus johnson even gus johnson without fans? #sad
",surprise
2020-03-11 21:38:09,1237855356065210368,this is how to show a loved one you care: How can I best support you right now? #mentalhealth #depression,"this is how to show a loved one you care: how can i best support you right now? #mentalhealth #depression
",surprise
2020-03-11 21:32:35,1237853953926123523,I’m getting sick 😷 #sad,"i’m getting sick 😷 #sad
",surprise
2020-03-11 21:28:24,1237852899171946498,This Country is Pussy AF #sad,"this country is pussy af #sad
",surprise
2020-03-11 21:11:18,1237848596419989514,Taking away the fans at march madness is just the most absurd thing I’ve ever heard everyone who watched the dance looks forward to the final four in a goddamn football stadium #sad,"taking away the fans at march madness is just the most absurd thing i’ve ever heard everyone who watched the dance looks forward to the final four in a goddamn football stadium #sad
",surprise
2020-03-11 21:02:49,1237846463335378949,let's go #depression,"let us go #depression
",surprise
2020-03-11 20:57:04,1237845014828298241,I am all messed up inside. #Depression,"i am all messed up inside. #depression
",surprise
2020-03-11 20:54:07,1237844275091496961,"Tell me what you do when you are totally depressed? How to pass #depression moments?
Pleaaaseee, I need your help 🙏🌱","tell me what you do when you are totally depressed? how to pass #depression moments?
please, i need your help 🙏🌱
",surprise
2020-03-11 20:42:56,1237841460415758336,I wish that I was good enough. #Depression,"i wish that i was good enough. #depression
",surprise
2020-03-11 20:31:26,1237838565763137536,"EHM a wet, windy weather !!!
What else do ya'll want, just gtfo the house and soak your ass in the rain.
Make sure you take a hot shower afterwards.
☔️🌸
Heard it helps #depression!","eh a wet, windy weather !!
what else do ya'll want, just to the house and soak your ass in the rain.
make sure you take a hot shower afterwards.
☔️🌸
heard it helps #depression!
",surprise
2020-03-11 20:26:46,1237837389227331594,I will get through this... one day at a time! #sad,"i will get through this.. one day at a time! #sad
",surprise
2020-03-11 20:25:53,1237837169168793601,I just keep doing the same shit over and over. Taking out my fustration on everyone else and feel guilty after. I dont know what to do but say sorry. #mentalillness #depression,"i just keep doing the same shit over and over. taking out my flustration on everyone else and feel guilty after. i dont know what to do but say sorry. #mentalillness #depression
",surprise
2020-03-11 20:21:49,1237836144533889025,"So sad, I was supposed to go to Overwatch League live matches two days in a row for my birthday and it was just cancelled because of virus. I understand, I’m just sad. 

I would like to see your pets now. Thank you. 

#OverwatchLeague #Sad","so sad, i was supposed to go to overwatch league live matches two days in a row for my birthday and it was just cancelled because of virus. i understand, i’m just sad. 

i would like to see your pets now. thank you. 

#overwatchleague #sad
",surprise
2020-03-11 20:20:10,1237835731059474433,so does this mean no more frat parties? #sad,"so does this mean no more frat parties? #sad
",surprise
2020-03-11 20:17:53,1237835156947447808,Watching Joker when suffering with depression is brutal. I was not prepared #depression #Joker,"watching joker when suffering with depression is brutal. i was not prepared #depression #joker
",surprise
2020-03-11 20:03:00,1237831408690671616,"If someone has the courage &amp; trust to share their struggles of #depression or #suicide ideation with you, PLEASE, please be there to listen &amp; support them! You may be the only person with whom they've been able to open up to. It isn't easy to reach out! Please Retweet!","if someone has the courage &amp; trust to share their struggles of #depression or #suicide ideation with you, please, please be there to listen &amp; support them! you may be the only person with whom they have been able to open up to. it is not easy to reach out! please between!
",surprise
2020-03-11 19:56:07,1237829676430696465,"Hey guys! Current update, we are currently in a hard fought battle with the Germans we have witnessed and experienced the new ‘poison gas’ we currently have over 4000 men dead and this is a very sad time #sad #mandown ‘-Thursday, may 13, 1915","hey guys! current update, we are currently in a hard fought battle with the germans we have witnessed and experienced the new ‘poison gas’ we currently have over 400 men dead and this is a very sad time #sad #hagdown ‘-thursday, may 13, 1915
",surprise
2020-03-11 19:53:11,1237828940967948288,"If God (if...HA) could make COVID-19 vanish right now -- poof...GONE!! -- how many would take Him up on it? Instead, He offers eternal salvation free for the taking through his son, Jesus Christ, and many say, ""no thanks,"" or, ""Don't need it. I got this."" #sad","if god (if..ha) could make covid-19 vanish right now -- poof..gone!! -- how many would take him up on it? instead, he offers eternal salvation free for the taking through his son, jesus christ, and many say, ""no thanks,"" or, ""do not need it. i got this."" #sad
",surprise
2020-03-11 19:50:11,1237828184374153218,"And You Wouldn't Listen.  You Thought It Was A Great Time To Buy Last Week...And You Did.  #sad

Stocks slide 1400 pts this afternoon  3/11/20  3:49

#Whiplash","and you would not listen.  you thought it was a great time to buy last week..and you did.  #sad

stocks slide 1400 pts this afternoon  3/11/20  3:49

#whiplash
",surprise
2020-03-11 19:49:32,1237828021878480897,everything getting cancelled except work #sad,"everything getting cancelled except work #sad
",surprise
2020-03-11 19:36:41,1237824785175973892,Feeling reallly really bad for D1 lacrosse seniors right now. Can’t wrap my head around canceling an entire season because of a virus. Some teams that could compete for national championships and a few of best players in the country. #sad,"feeling really really bad for d1 lacrosse seniors right now. can’t wrap my head around canceling an entire season because of a virus. some teams that could compete for national championships and a few of best players in the country. #sad
",surprise
2020-03-11 19:22:55,1237821323637714944,Fuckkk me and my gfs Tame Impala show got postponed:/ #TameImpala #sad,"fuck me and my gas tame impala show got postponed:/ #tameimpala #sad
",surprise
2020-03-11 19:15:27,1237819443956367360,This #depression trying to creep back on me 😒,"this #depression trying to creep back on me 😒
",surprise
2020-03-11 19:10:51,1237818285347004418,"just drank my last protein shake, then got my throat fucked, puked everything out and now i have nothing left :( #sad #sadboy","just drank my last protein shake, then got my throat fucked, puked everything out and now i have nothing left :( #sad #sandboy
",surprise
2020-03-12 11:15:19,1238061001351868417,Can i skip to the part in my life when i accept that my eyesight will always be bad 😭,"can i skip to the part in my life when i accept that my eyesight will always be bad 😭
",surprise
2020-03-12 11:15:18,1238060996692004865,I was really trying to do a Europe tour but COVID-19 is not gonna catch me 🤧 had to cancel my flights but we move 😭,"i was really trying to do a europe tour but covid-19 is not gonna catch me 🤧 had to cancel my flights but we move 😭
",surprise
2020-03-12 11:15:18,1238060996377432065,Not the transmissionnnnnnn 😭🤣,"not the transmission 😭🤣
",surprise
2020-03-12 11:15:18,1238060995706159107,A lot of works😭,"a lot of works😭
",surprise
2020-03-12 11:15:17,1238060995001511936,orbits already on the MOVE 😭 got these screenshots ready oh my gosh we’re gonna be loud for the next couple of days,"orbits already on the move 😭 got these screenshots ready oh my gosh we’re gonna be loud for the next couple of days
",surprise
2020-03-12 11:15:17,1238060993231626242,ready for today to be over 😭 tomorrow will be litt tho 😂,"ready for today to be over 😭 tomorrow will be lit tho 😂
",surprise
2020-03-12 11:15:16,1238060991105175552,Coronavirus🦠 shyt is gettin ridiculous now. Cut it out 😭,"coronavirus🦠 shot is getting ridiculous now. cut it out 😭
",surprise
2020-03-12 11:15:16,1238060989481799681,Still feel so bad for pentagon 😔 they deserve so much better,"still feel so bad for pentagon 😔 they deserve so much better
",surprise
2020-03-12 11:15:16,1238060988835999745,ORBITS 😭🥺 #LOONA1stWin,"orbits 😭🥺 #doona1stain
",surprise
2020-03-12 11:15:16,1238060987443535873,LOONA 1ST WIN DESERVED😭,"doona 1st win deserved😭
",surprise
2020-03-12 11:15:16,1238060987221237760,I wanna go gym but what if I get the Corona virus😔,"i wanna go gym but what if i get the corona virus😔
",surprise
2020-03-12 11:15:15,1238060985262526465,"Am going to the doctor little later for new checkups , please wish me luck cause am literally shaking 😭😭","am going to the doctor little later for new checkups , please wish me luck cause am literally shaking 😭😭
",surprise
2020-03-12 11:15:15,1238060985212186624,If Who manages to chart hot 100 at this point it would be a miracle 😭. Who deserves better treatment than what it got.,"if who manages to chart hot 100 at this point it would be a miracle 😭. who deserves better treatment than what it got.
",surprise
2020-03-12 11:15:14,1238060981701365760,John Green is indeed the best of all 😭,"john green is indeed the best of all 😭
",surprise
2020-03-12 11:15:14,1238060978820067328,Bro the bags under my eyes hanging lower than your grandmas titties right now 😭,"bro the bags under my eyes hanging lower than your grandmas titties right now 😭
",surprise
2020-03-12 11:15:12,1238060974097207296,The hospital is a scary place right now. 😭,"the hospital is a scary place right now. 😭
",surprise
2020-03-12 11:15:11,1238060968912932865,"I choked whenever i see Yeojin, Oli and Heejin cried on the screen 😭","i choked whenever i see rejoin, oli and heeding cried on the screen 😭
",surprise
2020-03-12 11:15:10,1238060964676800512,I can purchase the Gaga ticket in a minute but what if it gets cancelled!??? Help. 😭,"i can purchase the gaga ticket in a minute but what if it gets cancelled!?? help. 😭
",surprise
2020-03-12 11:15:09,1238060959530397696,stop did they really get their phones taken until a win or is that just an ongoing joke 😭,"stop did they really get their phones taken until a win or is that just an ongoing joke 😭
",surprise
2020-03-12 11:15:08,1238060956518879234,Then again 😭 I wanna wait 3 more years and hopefully I’ll be married or close to it ...,"then again 😭 i wanna wait 3 more years and hopefully i’ll be married or close to it ..
",surprise
2020-03-12 11:15:08,1238060956405714945,F*ckkkk I forgot this was on the anniversary date of /3 DEBUT😭 this is so beautiful,"f*ck i forgot this was on the anniversary date of /3 debut😭 this is so beautiful
",surprise
2020-03-12 11:15:07,1238060952475463680,"can i go back to the times where my world only revolved to minecraft, youtube and vines; even tho i only had a few friends i was still happy lol😔","can i go back to the times where my world only revolved to mineshaft, couture and vines; even tho i only had a few friends i was still happy low😔
",surprise
2020-03-12 11:15:07,1238060951301230592,"This is my last day going crazy, every day my mom tells me ima start looking old if I don’t slow down ... I’m seeing it 😭","this is my last day going crazy, every day my mom tells me ma start looking old if i don’t slow down .. i’m seeing it 😭
",surprise
2020-03-12 11:15:07,1238060951292633088,WOW just WOW 😭,"wow just wow 😭
",surprise
2020-03-12 11:15:06,1238060948117762048,please tell me that mithra really will eat burned food 😭,"please tell me that mithra really will eat burned food 😭
",surprise
2020-03-12 11:15:06,1238060947681443840,"Imagine there’s no taraweeh/tahajud during ramadan because of this corona virus, that will hit me differently😭","imagine there’s no tarweed/tahanun during ramadan because of this corona virus, that will hit me differently😭
",surprise
2020-03-12 11:15:06,1238060945815068673,i’m still upset about the whole blonde thing and the ritual lore being inaccurate to WoT but i feel a lot better about that specific scene. but it still hurts 😔,"i’m still upset about the whole blonde thing and the ritual lore being inaccurate to wot but i feel a lot better about that specific scene. but it still hurts 😔
",surprise
2020-03-12 11:15:05,1238060943357034496,ended up @ SR lmao i ordered a hot cappuccino &amp; it tasted like shit. it was like 30% coffee &amp; 70% bubbles... fr 😭,"ended up @ sr lao i ordered a hot cappuccino &amp; it tasted like shit. it was like 30% coffee &amp; 70% bubbles.. fr 😭
",surprise
2020-03-12 11:15:04,1238060940660060162,preparing myself for #BlackAndWhiteNH 😭😩 #HeartbreakWeather,"preparing myself for #blackandwhitenh 😭😩 #heartbreakweather
",surprise
2020-03-12 11:15:03,1238060934532341762,I slept so good 😭,"i slept so good 😭
",surprise
2020-03-12 11:15:01,1238060927964123142,what if... coronavirus... ruins the summer😔😔,"what if.. coronavirus.. ruins the summer😔😔
",surprise
2020-03-12 11:15:00,1238060923102744576,day 1 : i miss san 😔,"day 1 : i miss san 😔
",surprise
2020-03-12 11:14:59,1238060918619037696,Oh man. The entire Re*l M*drid team quarantined. Hope their kids are okay 😭,"oh man. the entire re*l m*did team quarantined. hope their kids are okay 😭
",surprise
2020-03-12 11:14:59,1238060917998444544,"The NBA cancelled, schools being closed down but you telling me I gotta go to work. Are you kidding me?? I got some call of duty war zone to play but nooooo fuck my health right? It’s fine. I’ll just get sick and be in a bubble the rest of my life 😭","the na cancelled, schools being closed down but you telling me i gotta go to work. are you kidding me?? i got some call of duty war zone to play but noo fuck my health right? it’s fine. i’ll just get sick and be in a bubble the rest of my life 😭
",surprise
2020-03-12 11:14:57,1238060909148295170,Dude crackhead Tik Tok videos make me sad. Like what happened to them? Life let them down 😔,"dude crackhead tie to videos make me sad. like what happened to them? life let them down 😔
",surprise
2020-03-12 11:14:55,1238060903016230912,LOONA. 😭,"doona. 😭
",surprise
2020-03-12 11:14:55,1238060900424265728,Brought me ice cream &amp; didn’t even know I was on my period ❤️😭,"brought me ice cream &amp; didn’t even know i was on my period ❤️😭
",surprise
2020-03-12 11:14:55,1238060899707076611,I just coughed😭,"i just coughed😭
",surprise
2020-03-12 11:14:54,1238060898251452421,my uber driver home was great i want to be friends 😭,"my user driver home was great i want to be friends 😭
",surprise
2020-03-12 11:14:54,1238060897186136064,Dear patience is so good I have no words literally 😭,"dear patience is so good i have no words literally 😭
",surprise
2020-03-12 11:14:53,1238060892878712832,Who's going to drive me to the hospital Mara 😔😒 everyone ain't available on that day nde mina I can't drive to Soweto ke palwa ke Mohlakeng,"who has / who is going to drive me to the hospital mara 😔😒 everyone are not available on that day nde mina i cannot drive to soweto he malwa he mohlakeng
",surprise
2020-03-12 11:14:53,1238060890940796929,i am actually crying for loona i live them 😭😭,"i am actually crying for doona i live them 😭😭
",surprise
2020-03-12 11:14:52,1238060890345205760,"Once again, Hakim has made his boss mad because he makes small mistakes, REPEATEDLY. 😭","once again, hakim has made his boss mad because he makes small mistakes, repeatedly. 😭
",surprise
2020-03-12 11:14:51,1238060884628398081,Grabe first year pa lang as a fulltime. First year pa lang. 😔,"grave first year pa lang as a fulltime. first year pa lang. 😔
",surprise
2020-03-12 11:14:51,1238060884330766336,I feel so dizzy 😭,"i feel so dizzy 😭
",surprise
2020-03-12 11:14:51,1238060882409730050,I'm GONNA MUTE EVERYONEEE STOPDDFGH😭,"I am gonna mute everyone stopddfgh😭
",surprise
2020-03-12 11:14:49,1238060876692893697,I gotta stop stalking in instagram stories😔,"i gotta stop stalking in instagram stories😔
",surprise
2020-03-12 11:14:48,1238060872083181570,i want peace from all this 😭,"i want peace from all this 😭
",surprise
2020-03-12 11:14:48,1238060871139635200,"When I be quiet an just looking, I really be thinking bout how I'll SHOOT All THIS SHIT UP!😭😂","when i be quiet an just looking, i really be thinking bout how i'll shoot all this shit up!😭😂
",surprise
2020-03-12 11:14:47,1238060869038354432,i be doing everything in the morning except getting ready wtf😭,"i be doing everything in the morning except getting ready wtv😭
",surprise
2020-03-12 11:14:47,1238060868941668354,"watching RM's vlive, reading yunho's letter on fancafe, yeosang's tweet.. oh goshh it's so painful 😭","watching rm's live, reading unto's letter on pancake, yeoman's tweet.. oh gosh it is so painful 😭
",surprise
2020-03-12 11:14:47,1238060867251568640,I don’t think I’ve ever felt more exhausted in my life like I do right now.. Lord I need strength 😭,"i don’t think i’ve ever felt more exhausted in my life like i do right now.. lord i need strength 😭
",surprise
2020-03-12 11:14:46,1238060865145819136,orbit oomfs stop dming me i have an acc just for loona im tweeting there😭😭 #LOONA1stWin,"orbit oofs stop doing me i have an acc just for doona im tweeting there😭😭 #doona1stain
",surprise
2020-03-12 11:14:45,1238060859496292353,Tweet deleted because this Tom Hanks picture turned out to be from 2015. Sorry 😞,"tweet deleted because this tom hanks picture turned out to be from 2015. sorry 😞
",surprise
2020-03-12 11:14:45,1238060857935810561,My luck with this album has been proper shite. Guess I have to wait until midnight 😔,"my luck with this album has been proper white. guess i have to wait until midnight 😔
",surprise
2020-03-12 11:14:42,1238060845973696512,BLACK AND WHITE 😭🥺,"black and white 😭🥺
",surprise
2020-03-12 11:14:41,1238060841444016128,i remember at the beginning of 2020..everybody was like “this gone be my year”..lmao look at y’all now talking about just cancel 2020 😭,"i remember at the beginning of 2020..everybody was like “this gone be my year”..lao look at y’all now talking about just cancel 2020 😭
",surprise
2020-03-12 11:14:38,1238060828508766208,"The way Arsenal gets trolled on a daily basis neh...and now I'm here feeling sorry for Liverpool and praying they win the league before they cancel.
Its witchcraft 😂😭","the way arsenal gets trolled on a daily basis new..and now I am here feeling sorry for liverpool and praying they win the league before they cancel.
its witchcraft 😂😭
",surprise
2020-03-12 11:14:37,1238060827074334721,"2020 really has been shit man and now all sport is about to be cancelled, can’t believe whats actually going on 😭😭","2020 really has been shit man and now all sport is about to be cancelled, can’t believe whats actually going on 😭😭
",surprise
2020-03-12 11:14:37,1238060823588884483,"Everyone, pls be careful. these touts are moving mad.
I was robbed on tuesday night in VI, by 2 guys with a knife. took my phone and bag with everything inside, including my makeup 😭. it was a horrible experience and will not wish that on anyone. 
try not to go anywhere alone.","everyone, pus be careful. these touts are moving mad.
i was robbed on tuesday night in vi, by 2 guys with a knife. took my phone and bag with everything inside, including my makeup 😭. it was a horrible experience and will not wish that on anyone. 
try not to go anywhere alone.
",surprise
2020-03-12 11:14:36,1238060822456176640,"I just realized that I love taking pics of girls. They are so pretty asdfghjkl I adore you, gurls 😭💓","i just realized that i love taking pics of girls. they are so pretty asdfghjkl i adore you, gurls 😭💓
",surprise
2020-03-12 11:14:36,1238060821995020289,"AT HOME, HASEUL GETTING THE TROHPY AND THEY EAT THEIR CHICKEN AND 😭😭","at home, hazel getting the trophy and they eat their chicken and 😭😭
",surprise
2020-03-12 11:14:36,1238060819721617409,Mfs be a 2 baby daddy bitch at 22 😭 y’all worse than niggas,"ms be a 2 baby daddy bitch at 22 😭 y’all worse than nights
",surprise
2020-03-12 11:14:36,1238060819226624000,don't be annoyed im really gna dm each one of u 😭,"do not be annoyed im really na dm each one of u 😭
",surprise
2020-03-12 11:14:35,1238060818878488576,"Oh dear! Who is this guy on morning joe right now?
Listening to him is like a combination of poetry and brilliance. 
I did not catch his name. 😞
To be able to include Thomas Hobbs and Panglossia in the same response, beautiful!","oh dear! who is this guy on morning joe right now?
listening to him is like a combination of poetry and brilliance. 
i did not catch his name. 😞
to be able to include thomas hobby and aglossia in the same response, beautiful!
",surprise
2020-03-12 11:14:35,1238060818874449921,Really tryna get the fuck ASAP 😭,"really trypa get the fuck asap 😭
",surprise
2020-03-12 11:14:34,1238060811739791360,Pray for us😔,"pray for us😔
",surprise
2020-03-12 11:14:33,1238060809844121600,"i got a boatload of really nice ao3 comments in the last 2 weeks that i haven’t had a chance to reply to bc i’m in deadline hell, but ... soon ... 😭 they got me through the worst of it","i got a boatload of really nice ao3 comments in the last 2 weeks that i haven’t had a chance to reply to bc i’m in deadline hell, but .. soon .. 😭 they got me through the worst of it
",surprise
2020-03-12 11:14:33,1238060806765510657,How did I become inactive on this platform😔,"how did i become inactive on this platform😔
",surprise
2020-03-12 11:14:33,1238060806723366912,I’m flying to Auckland to see MCR if they postpone there show I’m literally fucked 😭,"i’m flying to auckland to see mr if they postpone there show i’m literally fucked 😭
",surprise
